Sample,SiteCode,Side,StationNumber,Distance_raw,Distance_numeric_m,LocationIndex,Latitude_raw,Longitude_raw,Fine_Klf_raw,Fine_Khf_raw,Fine_net_mass_g,Fine_mass_rule,Fine_LF_reconstructed,Fine_HF_reconstructed,Fine_FD_pct,Coarse_Klf_raw,Coarse_Khf_raw,Coarse_mass_g,Coarse_LF_reconstructed,Coarse_HF_reconstructed,Coarse_FD_pct,Fe_mgkg,Zn_mgkg,Cu_mgkg,Cr_mgkg,Co_mgkg,Ni_mgkg,Mn_mgkg,Pb_mgkg,Cd_mgkg
1,R1,R,1,1m,1.0,1,56°.140731N,572067035E,101.0,97.0,10.4467,dist mass used directly (net),96.68124862396738,92.85228828242411,3.960396039603963,93,90,13.9953,66.45087993826499,64.3073031660629,3.2258064516129017,9330.483099303,158.1079218836129,87.16922791687973,34.6160082641165,48.1742425295183,95.48732311280229,370.2936189594341,137.73438980529397,8.205667869407174
2,R1,R,1,1m,1.0,1,56°.140731N,572067035E,366.0,363.0,11.3315,dist mass used directly (net),322.9934254070511,320.34593831355073,0.8196721311475313,284,281,13.7641,206.33386854207686,204.15428542367465,1.0563380281690073,13860.87169142368,149.5029892439432,143.65423051299135,36.84500454220384,42.999656002751976,81.29933624585153,458.3130420585345,157.7831877977087,11.216587960817613
3,R1,R,1,1m,1.0,1,56°.140731N,572067035E,82.0,77.0,10.5155,dist mass used directly (net),77.98012457800391,73.22523893300367,6.097560975609762,73,71,11.579,63.04516797650919,61.317903100440454,2.739726027397248,12586.7502140294,98.15056841755872,50.57619043117385,43.51685286120108,37.74806744538326,66.9949886713802,461.1935527595637,93.95260149569951,11.883942833268547
4,L1,L,1,1m,1.0,10,54.507331N,51.1505035E,161.0,158.0,11.208499999999999,dist mass used directly (net),143.6409867511264,140.964446625329,1.8633540372670916,102,101,14.4075,70.79646017699115,70.10237723407947,0.9803921568627446,6893.466992922356,140.15953032943324,106.35180230854313,26.878056178977133,29.938122456683278,63.11497002245857,307.72126238352837,82.93746890654852,20.397812325759453
5,R2,R,2,1,1.0,2,55.°214431N,515470030E,317.0,310.0,11.7179,dist mass used directly (net),270.5262888401505,264.5525222096109,2.2082018927444844,207,201,12.4041,166.88030570537163,162.043195395071,2.8985507246376834,15650.40650406504,144.42061546840958,90.74832464631423,45.680225817833566,54.14584134307318,86.84375662151811,515.859032992955,155.65830705004544,6.8980210538080575
6,L2,L,2,1,1.0,11,42.735131N,57.7706035E,146.0,143.0,11.713199999999999,dist mass used directly (net),124.64569886965135,122.08448587917906,2.0547945205479543,52,50,13.2158,39.34684241589613,37.83350232297704,3.8461538461538596,7847.812603297344,157.51104004872846,102.64209424568182,32.882336430927715,32.545376914280254,56.96129707708799,243.43721489126537,129.60548328695674,6.83535564925056
7,R3,R,3,1,1.0,3,53.°446031N,522268035E,174.0,171.0,11.2181,dist mass used directly (net),155.10647970690223,152.43223005678323,1.7241379310344858,118,113,12.653,93.25851576701177,89.30688374298585,4.237288135593224,9583.68793858347,284.530625432032,68.64957218134445,28.509185172720468,42.07615784570072,68.57799150127565,322.54186892202256,154.18328830571153,10.262608095858349
8,R3,R,3,20,20.0,3,53.°446031N,522268035E,276.0,270.0,12.299999999999999,EF gross mass - 2.999 g bottle; dist mass cell inconsistent,224.39024390243904,219.51219512195124,2.1739130434782594,208,206,12.9875,160.15399422521654,158.614051973051,0.9615384615384536,14262.184704393578,185.92827383628574,99.5379934642978,42.648418229112856,50.77833669210874,90.53662938239331,467.44245618404483,259.08747565525607,6.631077322301784
9,R3,R,3,50,50.0,3,53.°446031N,522268035E,75.0,71.0,11.140799999999999,dist mass used directly (net),67.32012063765619,63.72971420364786,5.333333333333332,106,102,11.6141,91.26837206498996,87.82428255310356,3.7735849056603663,21596.108247709588,58.636340585222385,43.041441108331554,50.45177807318794,44.448024151087495,73.03360342487764,547.5185434349237,87.31474721133328,15.121614364037749
10,R3,R,3,70,70.0,3,53.°446031N,522268035E,93.0,88.0,13.111399999999998,dist mass used directly (net),70.93064051131078,67.11716521500375,5.376344086021507,110,104,12.3739,88.89679082585118,84.04787496262294,5.45454545454545,17396.880220202605,60.80084397639854,31.482484677105987,51.26412139343946,39.24790470374422,60.299993164448644,686.4824941790898,108.47475973132316,4.070997883799511
11,R3,R,3,100,100.0,3,53.°446031N,522268035E,140.0,129.0,10.6867,dist mass used directly (net),131.0039581910225,120.71079004744215,7.857142857142863,155,143,12.795,121.1410707307542,111.76240719030872,7.741935483870957,23570.513112439738,92.3857473103939,36.97188448565187,61.3702642898432,55.09094364161598,88.41371276175171,852.6754852918554,115.24850145706041,5.321452304155588
12,L3,L,3,1,1.0,12,44.776231,56.3364035E,226.0,222.0,11.8836,dist mass used directly (net),190.17806052038105,186.8120771483389,1.7699115044247913,118,118,13.5995,86.76789587852494,86.76789587852494,0.0,10528.534835250504,159.80885790389215,119.21276226807699,34.586148436203025,42.84818950411214,71.16910919049408,323.13561890499363,162.99403747436665,15.816971409887362
13,L3,L,3,20,20.0,12,44.776231,56.3364035E,81.0,80.0,11.1341,dist mass used directly (net),72.74948132314242,71.85133957841227,1.2345679012345687,19,17,13.1359,14.464178320480517,12.941633234114144,10.526315789473701,6394.8727078511665,107.71492295214921,58.3941605839416,23.64287992794551,35.1128285864224,55.21476115065135,235.01955308025913,112.47183454481203,13.105921328066694
14,L3,L,3,50,50.0,12,44.776231,56.3364035E,36.0,33.0,9.5587,dist mass used directly (net),37.662025170786826,34.523523073221256,8.33333333333334,40,38,11.6148,34.438819437269686,32.716878465406204,4.999999999999994,6179.556337566224,69.50212255444814,37.54813671126384,15.55593242258941,31.020160001985285,56.46578065199286,264.75723982226083,87.70744354543628,7.143643366328229
15,L3,L,3,100,100.0,12,44.776231,56.3364035E,90.0,82.0,9.257,dist mass used directly (net),97.22372258831156,88.58161391379497,8.888888888888898,98,92,9.9469,98.52315796881442,92.49112788909108,6.122448979591847,6336.0528526476155,49.99409279181609,39.269958798212585,23.475189940012854,39.572162782217376,61.35108396966885,440.2403262574223,85.9572321094022,4.634755011752223
16,R4,R,4,/محطة وقودm1,1.0,4,52.°565931,532156035E,84.0,77.0,11.841299999999999,dist gross mass - 2.999 g bottle,70.93815712801805,65.02664403401654,8.333333333333337,63,62,11.9158,52.87097802917135,52.031756155692435,1.5873015873015917,8386.417981826877,83.2107843137255,39.61280714817572,26.009375472554066,38.139177239523256,63.07760011735367,375.56617555296174,85.12723152769696,50.04295982732245
17,L4,L,4,كازية/1ة,1.0,13,45.529431,56.0017035E,173.0,169.0,11.461599999999999,dist gross mass - 2.999 g bottle,150.93878690584214,147.44887275773016,2.3121387283237134,193,188,12.5609,153.65141032887772,149.6708038436736,2.590673575129547,12750.444927444805,339.79282597904745,97.17637884799113,60.14203190610348,39.034345613784346,82.08962662706038,479.91024695380236,131.5787380020081,5.4866025959923
18,R5,R,5,/غابة1,1.0,5,51.525131N,53.4473035,135.0,132.0,12.0694,dist gross mass - 2.999 g bottle,111.85311614496165,109.36749134174028,2.2222222222222223,68,66,11.1817,60.81365087598488,59.02501408551473,2.941176470588246,8904.647973790958,102.59024020491911,42.28342400447847,22.374895609017447,34.74768720316481,56.21874115776973,313.24068983056617,121.8441298865772,4.274021066901251
19,L5,L,5,1,1.0,14,47.035531N,55.7081035E,150.0,146.0,10.639899999999999,dist gross mass - 2.999 g bottle,140.97876859744923,137.21933476818393,2.6666666666666607,146,146,12.084,120.82092022509103,120.82092022509103,0.0,8359.64569265219,247.39271755603414,73.45346382303319,29.526995978792232,34.095156767341216,60.17102096000327,370.748335581863,155.70776716432115,8.908436869403081
20,R6,R,6,1,1.0,6,49.608931N,53.9314035E,77.0,74.0,10.875,dist gross mass - 2.999 g bottle,70.80459770114943,68.04597701149424,3.8961038961039183,70,72,10.4861,66.7550376212319,68.66232441040997,-2.857142857142864,9322.466232630453,92.29574756529439,58.31105955923144,28.485031595981113,43.941879540660885,69.85772620242221,388.9036391560923,112.77119528134207,6.0765133268138705
21,R6,R,6,10,10.0,6,49.608931N,53.9314035E,93.0,86.0,9.804,dist gross mass - 2.999 g bottle,94.859241126071,87.71929824561404,7.526881720430108,82,75,8.4312,97.25780434576335,88.95530885283233,8.536585365853657,11636.877851641655,80.63262609776949,44.712555816911674,44.053629149956755,47.850025220315835,77.28211917552044,604.636491115786,119.55089160083982,5.731266876608233
22,R6,R,6,50,50.0,6,49.608931N,53.9314035E,74.0,69.0,12.012799999999999,dist gross mass - 2.999 g bottle,61.60095897709111,57.438732019179554,6.756756756756749,85,78,10.75,79.06976744186046,72.55813953488372,8.235294117647056,11675.32986805278,64.89071038251367,33.68078279885708,35.98323375810838,38.90248827568018,64.46682788614844,463.30765469542,98.46700009781054,37.871453594441206
23,R6,R,6,100,100.0,6,49.608931N,53.9314035E,97.0,92.0,9.989099999999999,dist gross mass - 2.999 g bottle,97.1058453714549,92.1003894244727,5.15463917525773,120,111,10.685,112.30697239120262,103.88394946186241,7.500000000000008,21405.30571768685,77.66031125234254,47.03130366441927,52.783745622562336,48.248746251535735,80.768501625428,730.7545917424637,101.79656948105763,50.89939536394896
24,R6,R,6,150,150.0,6,49.608931N,53.9314035E,51.0,48.0,5.0008,dist gross mass - 2.999 g bottle,101.98368261078228,95.98464245720685,5.882352941176478,,,,,,,17781.49659420408,72.55389718076285,38.77269612639617,49.53553988870825,41.3501704238538,69.67248100880937,726.0144790889898,89.2922476122731,62.49690987501174
25,R6,R,6,200,200.0,6,49.608931N,53.9314035E,77.0,71.0,10.029,dist gross mass - 2.999 g bottle,76.77734569747732,70.79469538338817,7.792207792207792,66,71,9.3366,70.6895443737549,76.04481288691814,-7.575757575757559,9760.947721334038,102.44911205015605,56.321719731795355,23.003973936497527,42.24077567061293,63.53740307446646,492.14706688258474,117.10385222503142,13.06169610241645
26,L6,L,6,1,1.0,15,51.437631N,53.1177035,156.0,152.0,10.502099999999999,dist gross mass - 2.999 g bottle,148.5417202273831,144.7329581702707,2.564102564102575,150,156,11.5891,129.4319662441432,134.60924489390894,-3.9999999999999973,10307.8177906499,228.1536110419606,52.624447364523554,33.27759336444789,35.79558119820827,71.13367523022995,396.7289773485772,152.26800932061641,9.932847741239383
27,L6,L,6,10,10.0,15,51.437631N,53.1177035,47.0,44.0,10.615599999999999,dist gross mass - 2.999 g bottle,44.27446399638269,41.44843437959231,6.382978723404259,18,17,13.8294,13.015749056358194,12.292651886560517,5.5555555555555545,5557.052984120248,89.88753037071872,40.03131073523678,19.644382280888074,29.506276999396043,45.68678624779847,208.9245465185614,87.5151606245914,7.496960799103983
28,L6,L,6,20,20.0,15,51.437631N,53.1177035,92.0,84.0,10.3791,dist gross mass - 2.999 g bottle,88.63967010627127,80.93187270572594,8.695652173913047,86,79,10.9889,78.26079043398339,71.89072609633358,8.139534883720927,8193.07466682415,78.81860371267152,41.37677383761915,35.168091026223564,33.23363243602526,68.18104053828301,551.6157309746964,66.80338251994962,15.052303519996274
29,L6,L,6,50,50.0,15,51.437631N,53.1177035,84.0,79.0,11.3177,dist gross mass - 2.999 g bottle,74.22002703729557,69.8021682850756,5.952380952380948,89,86,10.88,81.80147058823529,79.04411764705881,3.370786516853942,9990.69692189459,90.2399378767538,34.93682881553654,26.188070542135698,42.11745505277844,62.77246944236187,413.47758955899457,73.99604935092516,5.44379734995945
30,L6,L,6,70,70.0,15,51.437631N,53.1177035,122.0,115.0,9.3636,dist gross mass - 2.999 g bottle,130.29176812337136,122.8160109359648,5.73770491803279,95,89,8.9487,106.16067138243544,99.45578687407108,6.315789473684225,16474.957342166013,118.87002743484224,46.41350210970464,42.84490145672665,48.41442749939482,77.48119413400653,631.8436244805891,113.1098129189401,5.3657742768299705
31,R7,R,7,1,1.0,7,46.282531N,55.7647035,52.0,49.0,10.3569,dist gross mass - 2.999 g bottle,50.20807384449015,47.31145419961572,5.769230769230774,57,57,15.405,37.00097370983447,37.00097370983447,0.0,1724.792948864068,80.8427440290758,33.124334555779015,15.616365951517194,20.768431983385256,34.716557515867656,353.2519002415467,71.75974351364894,7.657758141362215
32,L7,L,7,1,1.0,16,52.513531N,53.2310035,184.0,181.0,11.5627,dist gross mass - 2.999 g bottle,159.13238257500413,156.5378328591073,1.630434782608703,195,191,14.6617,132.99958395001943,130.27138735617288,2.051282051282048,11447.901691804132,139.66068653568655,45.840235713653435,42.37407836379559,36.56474244709539,75.77626031491367,397.0820144537853,128.71043584213808,6.139211696746432
33,R8,R,8,1,1.0,8,45.511931N,56.4239035,52.0,50.0,10.7228,dist gross mass - 2.999 g bottle,48.49479613533779,46.62961166859403,3.84615384615385,34,31,14.4762,23.48682665340352,21.414459595750266,8.82352941176471,4207.840673254508,140.67785584179026,22.529866895917944,46.6577966683323,23.266137055915262,48.18165359435135,154.46211381914225,73.75647197802665,9.552899284074858
34,R8,R,8,50ة,50.0,8,45.511931N,56.4239035,140.0,139.0,10.6832,dist gross mass - 2.999 g bottle,131.04687734012282,130.1108282162648,0.7142857142857192,172,167,12.8253,134.10992335461938,130.21137907105486,2.9069767441860477,9984.379659196153,121.27897876015439,40.89250191395356,45.894101390372725,33.338572251830044,71.42495150674847,377.2410032870741,130.86759398474373,6.316835691056199
35,R8,R,8,100,100.0,8,45.511931N,56.4239035,105.0,100.0,11.5298,dist gross mass - 2.999 g bottle,91.06836198372912,86.73177331783727,4.76190476190475,104,95,10.198,101.98078054520494,93.15552069033144,8.653846153846144,19118.684337528306,64.96335015621244,26.314268417706305,58.691645831132405,45.55214699834912,75.4142841246639,677.5219540057067,89.45012692535141,3.7243383456078103
36,R8,R,8,150,150.0,8,45.511931N,56.4239035,103.0,99.0,11.3363,dist gross mass - 2.999 g bottle,90.85856937448726,87.33008124343922,3.883495145631054,103,97,10.2414,100.5721873962544,94.71361337317163,5.825242718446602,19268.01655207236,86.80555555555556,51.43748579711213,52.074953007811885,53.27701192073142,80.91730886272916,708.3043668788339,107.97687703593243,4.407778640319558
37,R8,R,8,200,200.0,8,45.511931N,56.4239035,110.0,105.0,11.6183,dist gross mass - 2.999 g bottle,94.67822314796486,90.37466755033009,4.545454545454549,106,102,10.6119,99.88786174012193,96.11850846690979,3.7735849056603756,23786.317784727253,74.4838059437226,28.705223730065388,61.76220165863024,50.954434237534194,80.49664186351154,774.3606881524069,70.19103063276958,7.9477697029796195
38,L8,L,8,1,1.0,17,54.524831N,51.1608035E,98.0,95.0,10.9886,dist gross mass - 2.999 g bottle,89.18333545674608,86.45323335092732,3.0612244897959195,106,107,12.8414,82.54551684395781,83.32424813493856,-0.9433962264151062,9029.513094553746,127.84925979370425,42.77251112694151,32.76738495247493,33.638595730099,59.725225976265044,301.78833373641805,90.7666186166967,5.78331536650026
39,L8,L,8,50,50.0,17,54.524831N,51.1608035E,111.0,106.0,10.9108,dist gross mass - 2.999 g bottle,101.73406166367269,97.15144627341716,4.504504504504505,90,89,9.02,99.77827050997783,98.66962305986696,1.1111111111111116,16983.01109611724,138.3352124775174,38.687263174312875,42.85525296710518,34.74048071350631,94.14130775983453,607.2519206301839,72.94662482884269,3.87324237640462
40,L8,L,8,100,100.0,17,54.524831N,51.1608035E,95.0,93.0,10.0567,dist gross mass - 2.999 g bottle,94.46438692612885,92.47566299084193,2.105263157894741,80,79,8.4801,94.33851015907831,93.15927878208983,1.250000000000004,15663.459386887444,106.15761977573904,35.12948554174892,45.10506827669159,41.97397613479642,71.25725441747312,603.663542156839,98.5008763593121,4.330588992786709
41,L8,L,8,150,150.0,17,54.524831N,51.1608035E,119.0,116.0,10.1028,dist gross mass - 2.999 g bottle,117.78912776655977,114.81965395731876,2.5210084033613502,81,79,7.7375,104.68497576736672,102.10016155088853,2.4691358024691383,11942.488949177912,184.36424686424687,57.06318997458238,39.27474209792189,30.829357752434678,46.575885780195776,445.13947789876846,89.38429991061571,3.696664346483841
42,R9,R,9,1m,1.0,9,43.558631N,57.2067035E,104.0,95.0,12.2028,dist gross mass - 2.999 g bottle,85.2263414953945,77.85098501983151,8.65384615384615,51,48,11.654,43.761798524111896,41.18757508151708,5.882352941176463,10852.29420059575,100.20082354529501,36.452004860267316,44.233487819541814,38.523428559880564,45.31952531322087,424.3215378658594,239.81582144912707,4.649714218036505
43,L9,L,9,1m,1.0,18,54.524831N,51.1505035,141.0,133.0,12.204609999999999,dist gross mass - 2.999 g bottle,115.53011525972565,108.97521510314546,5.673758865248236,146,137,11.2891,129.3282901205588,121.35599826381201,6.164383561643839,19089.254327075647,112.58585512976481,32.62727524715882,64.3973492695307,42.38385283093312,67.11668244696459,783.8705317607564,144.664809834806,4.19971540752062
44,L10,L,10,1ة,1.0,19,56.150831N,51.1711035,183.0,180.0,13.3678,dist gross mass - 2.999 g bottle,136.89612352069898,134.65192477445802,1.6393442622950727,199,195,13.7444,144.7862402141963,141.87596402898635,2.0100502512562746,5803.281229734767,123.69311491531128,37.58993945808574,47.29726962667977,46.606253663433115,51.88116019401334,201.0030519742473,180.19895435572747,36.4500279366131
