Sample,Field,SourceValue,ReconstructionValue,AbsDiff,PASS,Note
1,SiteCode,R1,R1,,True,dist!B
1,Fine_Klf_raw,101,101.0,0.0,True,dist!D
1,Fine_Khf_raw,97,97.0,0.0,True,dist!E
1,Fine_net_mass_g_primary,10.4467,10.4467,0.0,True,dist!G cached net mass (formula subtracts bottle)
1,Fine_LF_reconstructed_from_raw,96.68124862396738,96.68124862396738,0.0,True,10*Klf/primary net mass
1,Fine_HF_reconstructed_from_raw,92.85228828242411,92.85228828242411,0.0,True,10*Khf/primary net mass
1,Coarse_Klf_raw,93,93.0,0.0,True,dist column 11
1,Coarse_Khf_raw,90,90.0,0.0,True,dist column 12
1,Coarse_mass_g,13.9953,13.9953,0.0,True,dist column 13
1,Coarse_LF_reconstructed_from_raw,66.45087993826499,66.45087993826499,0.0,True,10*Klf/coarse mass
1,Coarse_HF_reconstructed_from_raw,64.3073031660629,64.3073031660629,0.0,True,10*Khf/coarse mass
1,Fe_mgkg,9330.483099303,9330.483099303,0.0,True,Enrichment Factor final mg/kg column 20
1,Zn_mgkg,158.1079218836129,158.1079218836129,0.0,True,Enrichment Factor final mg/kg column 21
1,Cu_mgkg,87.16922791687973,87.16922791687973,0.0,True,Enrichment Factor final mg/kg column 22
1,Cr_mgkg,34.6160082641165,34.6160082641165,0.0,True,Enrichment Factor final mg/kg column 23
1,Co_mgkg,48.1742425295183,48.1742425295183,0.0,True,Enrichment Factor final mg/kg column 24
1,Ni_mgkg,95.48732311280229,95.48732311280229,0.0,True,Enrichment Factor final mg/kg column 25
1,Mn_mgkg,370.2936189594341,370.2936189594341,0.0,True,Enrichment Factor final mg/kg column 26
1,Pb_mgkg,137.73438980529397,137.73438980529397,0.0,True,Enrichment Factor final mg/kg column 27
1,Cd_mgkg,8.205667869407174,8.205667869407174,0.0,True,Enrichment Factor final mg/kg column 28
2,SiteCode,R1,R1,,True,dist!B
2,Fine_Klf_raw,366,366.0,0.0,True,dist!D
2,Fine_Khf_raw,363,363.0,0.0,True,dist!E
2,Fine_net_mass_g_primary,11.3315,11.3315,0.0,True,dist!G cached net mass (formula subtracts bottle)
2,Fine_LF_reconstructed_from_raw,322.9934254070511,322.9934254070511,0.0,True,10*Klf/primary net mass
2,Fine_HF_reconstructed_from_raw,320.34593831355073,320.34593831355073,0.0,True,10*Khf/primary net mass
2,Coarse_Klf_raw,284,284.0,0.0,True,dist column 11
2,Coarse_Khf_raw,281,281.0,0.0,True,dist column 12
2,Coarse_mass_g,13.7641,13.7641,0.0,True,dist column 13
2,Coarse_LF_reconstructed_from_raw,206.33386854207686,206.33386854207686,0.0,True,10*Klf/coarse mass
2,Coarse_HF_reconstructed_from_raw,204.15428542367465,204.15428542367465,0.0,True,10*Khf/coarse mass
2,Fe_mgkg,13860.87169142368,13860.87169142368,0.0,True,Enrichment Factor final mg/kg column 20
2,Zn_mgkg,149.5029892439432,149.5029892439432,0.0,True,Enrichment Factor final mg/kg column 21
2,Cu_mgkg,143.65423051299135,143.65423051299135,0.0,True,Enrichment Factor final mg/kg column 22
2,Cr_mgkg,36.84500454220384,36.84500454220384,0.0,True,Enrichment Factor final mg/kg column 23
2,Co_mgkg,42.999656002751976,42.999656002751976,0.0,True,Enrichment Factor final mg/kg column 24
2,Ni_mgkg,81.29933624585153,81.29933624585153,0.0,True,Enrichment Factor final mg/kg column 25
2,Mn_mgkg,458.3130420585345,458.3130420585345,0.0,True,Enrichment Factor final mg/kg column 26
2,Pb_mgkg,157.7831877977087,157.7831877977087,0.0,True,Enrichment Factor final mg/kg column 27
2,Cd_mgkg,11.216587960817613,11.216587960817613,0.0,True,Enrichment Factor final mg/kg column 28
3,SiteCode,R1,R1,,True,dist!B
3,Fine_Klf_raw,82,82.0,0.0,True,dist!D
3,Fine_Khf_raw,77,77.0,0.0,True,dist!E
3,Fine_net_mass_g_primary,10.5155,10.5155,0.0,True,dist!G cached net mass (formula subtracts bottle)
3,Fine_LF_reconstructed_from_raw,77.98012457800391,77.98012457800391,0.0,True,10*Klf/primary net mass
3,Fine_HF_reconstructed_from_raw,73.22523893300367,73.22523893300367,0.0,True,10*Khf/primary net mass
3,Coarse_Klf_raw,73,73.0,0.0,True,dist column 11
3,Coarse_Khf_raw,71,71.0,0.0,True,dist column 12
3,Coarse_mass_g,11.579,11.579,0.0,True,dist column 13
3,Coarse_LF_reconstructed_from_raw,63.04516797650919,63.04516797650919,0.0,True,10*Klf/coarse mass
3,Coarse_HF_reconstructed_from_raw,61.31790310044045,61.317903100440454,7.105427357601002e-15,True,10*Khf/coarse mass
3,Fe_mgkg,12586.7502140294,12586.7502140294,0.0,True,Enrichment Factor final mg/kg column 20
3,Zn_mgkg,98.15056841755872,98.15056841755872,0.0,True,Enrichment Factor final mg/kg column 21
3,Cu_mgkg,50.57619043117385,50.57619043117385,0.0,True,Enrichment Factor final mg/kg column 22
3,Cr_mgkg,43.51685286120108,43.51685286120108,0.0,True,Enrichment Factor final mg/kg column 23
3,Co_mgkg,37.74806744538326,37.74806744538326,0.0,True,Enrichment Factor final mg/kg column 24
3,Ni_mgkg,66.9949886713802,66.9949886713802,0.0,True,Enrichment Factor final mg/kg column 25
3,Mn_mgkg,461.1935527595637,461.1935527595637,0.0,True,Enrichment Factor final mg/kg column 26
3,Pb_mgkg,93.95260149569951,93.95260149569951,0.0,True,Enrichment Factor final mg/kg column 27
3,Cd_mgkg,11.883942833268547,11.883942833268547,0.0,True,Enrichment Factor final mg/kg column 28
4,SiteCode,L1,L1,,True,dist!B
4,Fine_Klf_raw,161,161.0,0.0,True,dist!D
4,Fine_Khf_raw,158,158.0,0.0,True,dist!E
4,Fine_net_mass_g_primary,11.208499999999999,11.208499999999999,0.0,True,dist!G cached net mass (formula subtracts bottle)
4,Fine_LF_reconstructed_from_raw,143.64098675112638,143.6409867511264,2.842170943040401e-14,True,10*Klf/primary net mass
4,Fine_HF_reconstructed_from_raw,140.964446625329,140.964446625329,0.0,True,10*Khf/primary net mass
4,Coarse_Klf_raw,102,102.0,0.0,True,dist column 11
4,Coarse_Khf_raw,101,101.0,0.0,True,dist column 12
4,Coarse_mass_g,14.4075,14.4075,0.0,True,dist column 13
4,Coarse_LF_reconstructed_from_raw,70.79646017699115,70.79646017699115,0.0,True,10*Klf/coarse mass
4,Coarse_HF_reconstructed_from_raw,70.10237723407947,70.10237723407947,0.0,True,10*Khf/coarse mass
4,Fe_mgkg,6893.466992922356,6893.466992922356,0.0,True,Enrichment Factor final mg/kg column 20
4,Zn_mgkg,140.15953032943324,140.15953032943324,0.0,True,Enrichment Factor final mg/kg column 21
4,Cu_mgkg,106.35180230854313,106.35180230854313,0.0,True,Enrichment Factor final mg/kg column 22
4,Cr_mgkg,26.878056178977133,26.878056178977133,0.0,True,Enrichment Factor final mg/kg column 23
4,Co_mgkg,29.938122456683278,29.938122456683278,0.0,True,Enrichment Factor final mg/kg column 24
4,Ni_mgkg,63.11497002245857,63.11497002245857,0.0,True,Enrichment Factor final mg/kg column 25
4,Mn_mgkg,307.72126238352837,307.72126238352837,0.0,True,Enrichment Factor final mg/kg column 26
4,Pb_mgkg,82.93746890654852,82.93746890654852,0.0,True,Enrichment Factor final mg/kg column 27
4,Cd_mgkg,20.397812325759453,20.397812325759453,0.0,True,Enrichment Factor final mg/kg column 28
5,SiteCode,R2,R2,,True,dist!B
5,Fine_Klf_raw,317,317.0,0.0,True,dist!D
5,Fine_Khf_raw,310,310.0,0.0,True,dist!E
5,Fine_net_mass_g_primary,11.7179,11.7179,0.0,True,dist!G cached net mass (formula subtracts bottle)
5,Fine_LF_reconstructed_from_raw,270.5262888401505,270.5262888401505,0.0,True,10*Klf/primary net mass
5,Fine_HF_reconstructed_from_raw,264.5525222096109,264.5525222096109,0.0,True,10*Khf/primary net mass
5,Coarse_Klf_raw,207,207.0,0.0,True,dist column 11
5,Coarse_Khf_raw,201,201.0,0.0,True,dist column 12
5,Coarse_mass_g,12.4041,12.4041,0.0,True,dist column 13
5,Coarse_LF_reconstructed_from_raw,166.88030570537163,166.88030570537163,0.0,True,10*Klf/coarse mass
5,Coarse_HF_reconstructed_from_raw,162.043195395071,162.043195395071,0.0,True,10*Khf/coarse mass
5,Fe_mgkg,15650.40650406504,15650.40650406504,0.0,True,Enrichment Factor final mg/kg column 20
5,Zn_mgkg,144.42061546840958,144.42061546840958,0.0,True,Enrichment Factor final mg/kg column 21
5,Cu_mgkg,90.74832464631423,90.74832464631423,0.0,True,Enrichment Factor final mg/kg column 22
5,Cr_mgkg,45.680225817833566,45.680225817833566,0.0,True,Enrichment Factor final mg/kg column 23
5,Co_mgkg,54.14584134307318,54.14584134307318,0.0,True,Enrichment Factor final mg/kg column 24
5,Ni_mgkg,86.84375662151811,86.84375662151811,0.0,True,Enrichment Factor final mg/kg column 25
5,Mn_mgkg,515.859032992955,515.859032992955,0.0,True,Enrichment Factor final mg/kg column 26
5,Pb_mgkg,155.65830705004544,155.65830705004544,0.0,True,Enrichment Factor final mg/kg column 27
5,Cd_mgkg,6.8980210538080575,6.8980210538080575,0.0,True,Enrichment Factor final mg/kg column 28
6,SiteCode,L2,L2,,True,dist!B
6,Fine_Klf_raw,146,146.0,0.0,True,dist!D
6,Fine_Khf_raw,143,143.0,0.0,True,dist!E
6,Fine_net_mass_g_primary,11.713199999999999,11.713199999999999,0.0,True,dist!G cached net mass (formula subtracts bottle)
6,Fine_LF_reconstructed_from_raw,124.64569886965134,124.64569886965135,1.4210854715202004e-14,True,10*Klf/primary net mass
6,Fine_HF_reconstructed_from_raw,122.08448587917906,122.08448587917906,0.0,True,10*Khf/primary net mass
6,Coarse_Klf_raw,52,52.0,0.0,True,dist column 11
6,Coarse_Khf_raw,50,50.0,0.0,True,dist column 12
6,Coarse_mass_g,13.2158,13.2158,0.0,True,dist column 13
6,Coarse_LF_reconstructed_from_raw,39.34684241589613,39.34684241589613,0.0,True,10*Klf/coarse mass
6,Coarse_HF_reconstructed_from_raw,37.83350232297704,37.83350232297704,0.0,True,10*Khf/coarse mass
6,Fe_mgkg,7847.812603297344,7847.812603297344,0.0,True,Enrichment Factor final mg/kg column 20
6,Zn_mgkg,157.51104004872846,157.51104004872846,0.0,True,Enrichment Factor final mg/kg column 21
6,Cu_mgkg,102.64209424568182,102.64209424568182,0.0,True,Enrichment Factor final mg/kg column 22
6,Cr_mgkg,32.882336430927715,32.882336430927715,0.0,True,Enrichment Factor final mg/kg column 23
6,Co_mgkg,32.545376914280254,32.545376914280254,0.0,True,Enrichment Factor final mg/kg column 24
6,Ni_mgkg,56.96129707708799,56.96129707708799,0.0,True,Enrichment Factor final mg/kg column 25
6,Mn_mgkg,243.43721489126537,243.43721489126537,0.0,True,Enrichment Factor final mg/kg column 26
6,Pb_mgkg,129.60548328695674,129.60548328695674,0.0,True,Enrichment Factor final mg/kg column 27
6,Cd_mgkg,6.83535564925056,6.83535564925056,0.0,True,Enrichment Factor final mg/kg column 28
7,SiteCode,R3,R3,,True,dist!B
7,Fine_Klf_raw,174,174.0,0.0,True,dist!D
7,Fine_Khf_raw,171,171.0,0.0,True,dist!E
7,Fine_net_mass_g_primary,11.2181,11.2181,0.0,True,dist!G cached net mass (formula subtracts bottle)
7,Fine_LF_reconstructed_from_raw,155.10647970690223,155.10647970690223,0.0,True,10*Klf/primary net mass
7,Fine_HF_reconstructed_from_raw,152.43223005678323,152.43223005678323,0.0,True,10*Khf/primary net mass
7,Coarse_Klf_raw,118,118.0,0.0,True,dist column 11
7,Coarse_Khf_raw,113,113.0,0.0,True,dist column 12
7,Coarse_mass_g,12.653,12.653,0.0,True,dist column 13
7,Coarse_LF_reconstructed_from_raw,93.25851576701177,93.25851576701177,0.0,True,10*Klf/coarse mass
7,Coarse_HF_reconstructed_from_raw,89.30688374298585,89.30688374298585,0.0,True,10*Khf/coarse mass
7,Fe_mgkg,9583.68793858347,9583.68793858347,0.0,True,Enrichment Factor final mg/kg column 20
7,Zn_mgkg,284.530625432032,284.530625432032,0.0,True,Enrichment Factor final mg/kg column 21
7,Cu_mgkg,68.64957218134445,68.64957218134445,0.0,True,Enrichment Factor final mg/kg column 22
7,Cr_mgkg,28.509185172720468,28.509185172720468,0.0,True,Enrichment Factor final mg/kg column 23
7,Co_mgkg,42.07615784570072,42.07615784570072,0.0,True,Enrichment Factor final mg/kg column 24
7,Ni_mgkg,68.57799150127565,68.57799150127565,0.0,True,Enrichment Factor final mg/kg column 25
7,Mn_mgkg,322.54186892202256,322.54186892202256,0.0,True,Enrichment Factor final mg/kg column 26
7,Pb_mgkg,154.18328830571153,154.18328830571153,0.0,True,Enrichment Factor final mg/kg column 27
7,Cd_mgkg,10.262608095858349,10.262608095858349,0.0,True,Enrichment Factor final mg/kg column 28
8,SiteCode,R3,R3,,True,dist!B
8,Fine_Klf_raw,276,276.0,0.0,True,dist!D
8,Fine_Khf_raw,270,270.0,0.0,True,dist!E
8,Fine_net_mass_g_primary,12.299999999999999,12.299999999999999,0.0,True,sample 8: Enrichment Factor gross mass minus 2.999 g bottle; dist mass cell inconsistent
8,Fine_LF_reconstructed_from_raw,224.39024390243904,224.39024390243904,0.0,True,10*Klf/primary net mass
8,Fine_HF_reconstructed_from_raw,219.51219512195124,219.51219512195124,0.0,True,10*Khf/primary net mass
8,Coarse_Klf_raw,208,208.0,0.0,True,dist column 11
8,Coarse_Khf_raw,206,206.0,0.0,True,dist column 12
8,Coarse_mass_g,12.9875,12.9875,0.0,True,dist column 13
8,Coarse_LF_reconstructed_from_raw,160.15399422521654,160.15399422521654,0.0,True,10*Klf/coarse mass
8,Coarse_HF_reconstructed_from_raw,158.614051973051,158.614051973051,0.0,True,10*Khf/coarse mass
8,Fe_mgkg,14262.184704393578,14262.184704393578,0.0,True,Enrichment Factor final mg/kg column 20
8,Zn_mgkg,185.92827383628574,185.92827383628574,0.0,True,Enrichment Factor final mg/kg column 21
8,Cu_mgkg,99.5379934642978,99.5379934642978,0.0,True,Enrichment Factor final mg/kg column 22
8,Cr_mgkg,42.648418229112856,42.648418229112856,0.0,True,Enrichment Factor final mg/kg column 23
8,Co_mgkg,50.77833669210874,50.77833669210874,0.0,True,Enrichment Factor final mg/kg column 24
8,Ni_mgkg,90.53662938239331,90.53662938239331,0.0,True,Enrichment Factor final mg/kg column 25
8,Mn_mgkg,467.44245618404483,467.44245618404483,0.0,True,Enrichment Factor final mg/kg column 26
8,Pb_mgkg,259.08747565525607,259.08747565525607,0.0,True,Enrichment Factor final mg/kg column 27
8,Cd_mgkg,6.631077322301784,6.631077322301784,0.0,True,Enrichment Factor final mg/kg column 28
9,SiteCode,R3,R3,,True,dist!B
9,Fine_Klf_raw,75,75.0,0.0,True,dist!D
9,Fine_Khf_raw,71,71.0,0.0,True,dist!E
9,Fine_net_mass_g_primary,11.140799999999999,11.140799999999999,0.0,True,dist!G cached net mass (formula subtracts bottle)
9,Fine_LF_reconstructed_from_raw,67.32012063765619,67.32012063765619,0.0,True,10*Klf/primary net mass
9,Fine_HF_reconstructed_from_raw,63.72971420364786,63.72971420364786,0.0,True,10*Khf/primary net mass
9,Coarse_Klf_raw,106,106.0,0.0,True,dist column 11
9,Coarse_Khf_raw,102,102.0,0.0,True,dist column 12
9,Coarse_mass_g,11.6141,11.6141,0.0,True,dist column 13
9,Coarse_LF_reconstructed_from_raw,91.26837206498996,91.26837206498996,0.0,True,10*Klf/coarse mass
9,Coarse_HF_reconstructed_from_raw,87.82428255310356,87.82428255310356,0.0,True,10*Khf/coarse mass
9,Fe_mgkg,21596.108247709588,21596.108247709588,0.0,True,Enrichment Factor final mg/kg column 20
9,Zn_mgkg,58.636340585222385,58.636340585222385,0.0,True,Enrichment Factor final mg/kg column 21
9,Cu_mgkg,43.041441108331554,43.041441108331554,0.0,True,Enrichment Factor final mg/kg column 22
9,Cr_mgkg,50.45177807318794,50.45177807318794,0.0,True,Enrichment Factor final mg/kg column 23
9,Co_mgkg,44.448024151087495,44.448024151087495,0.0,True,Enrichment Factor final mg/kg column 24
9,Ni_mgkg,73.03360342487764,73.03360342487764,0.0,True,Enrichment Factor final mg/kg column 25
9,Mn_mgkg,547.5185434349237,547.5185434349237,0.0,True,Enrichment Factor final mg/kg column 26
9,Pb_mgkg,87.31474721133328,87.31474721133328,0.0,True,Enrichment Factor final mg/kg column 27
9,Cd_mgkg,15.121614364037749,15.121614364037749,0.0,True,Enrichment Factor final mg/kg column 28
10,SiteCode,R3,R3,,True,dist!B
10,Fine_Klf_raw,93,93.0,0.0,True,dist!D
10,Fine_Khf_raw,88,88.0,0.0,True,dist!E
10,Fine_net_mass_g_primary,13.111399999999998,13.111399999999998,0.0,True,dist!G cached net mass (formula subtracts bottle)
10,Fine_LF_reconstructed_from_raw,70.93064051131078,70.93064051131078,0.0,True,10*Klf/primary net mass
10,Fine_HF_reconstructed_from_raw,67.11716521500375,67.11716521500375,0.0,True,10*Khf/primary net mass
10,Coarse_Klf_raw,110,110.0,0.0,True,dist column 11
10,Coarse_Khf_raw,104,104.0,0.0,True,dist column 12
10,Coarse_mass_g,12.3739,12.3739,0.0,True,dist column 13
10,Coarse_LF_reconstructed_from_raw,88.89679082585118,88.89679082585118,0.0,True,10*Klf/coarse mass
10,Coarse_HF_reconstructed_from_raw,84.04787496262294,84.04787496262294,0.0,True,10*Khf/coarse mass
10,Fe_mgkg,17396.880220202605,17396.880220202605,0.0,True,Enrichment Factor final mg/kg column 20
10,Zn_mgkg,60.80084397639854,60.80084397639854,0.0,True,Enrichment Factor final mg/kg column 21
10,Cu_mgkg,31.482484677105987,31.482484677105987,0.0,True,Enrichment Factor final mg/kg column 22
10,Cr_mgkg,51.26412139343946,51.26412139343946,0.0,True,Enrichment Factor final mg/kg column 23
10,Co_mgkg,39.24790470374422,39.24790470374422,0.0,True,Enrichment Factor final mg/kg column 24
10,Ni_mgkg,60.299993164448644,60.299993164448644,0.0,True,Enrichment Factor final mg/kg column 25
10,Mn_mgkg,686.4824941790898,686.4824941790898,0.0,True,Enrichment Factor final mg/kg column 26
10,Pb_mgkg,108.47475973132316,108.47475973132316,0.0,True,Enrichment Factor final mg/kg column 27
10,Cd_mgkg,4.070997883799511,4.070997883799511,0.0,True,Enrichment Factor final mg/kg column 28
11,SiteCode,R3,R3,,True,dist!B
11,Fine_Klf_raw,140,140.0,0.0,True,dist!D
11,Fine_Khf_raw,129,129.0,0.0,True,dist!E
11,Fine_net_mass_g_primary,10.6867,10.6867,0.0,True,dist!G cached net mass (formula subtracts bottle)
11,Fine_LF_reconstructed_from_raw,131.0039581910225,131.0039581910225,0.0,True,10*Klf/primary net mass
11,Fine_HF_reconstructed_from_raw,120.71079004744215,120.71079004744215,0.0,True,10*Khf/primary net mass
11,Coarse_Klf_raw,155,155.0,0.0,True,dist column 11
11,Coarse_Khf_raw,143,143.0,0.0,True,dist column 12
11,Coarse_mass_g,12.795,12.795,0.0,True,dist column 13
11,Coarse_LF_reconstructed_from_raw,121.14107073075421,121.1410707307542,1.4210854715202004e-14,True,10*Klf/coarse mass
11,Coarse_HF_reconstructed_from_raw,111.76240719030872,111.76240719030872,0.0,True,10*Khf/coarse mass
11,Fe_mgkg,23570.513112439738,23570.513112439738,0.0,True,Enrichment Factor final mg/kg column 20
11,Zn_mgkg,92.3857473103939,92.3857473103939,0.0,True,Enrichment Factor final mg/kg column 21
11,Cu_mgkg,36.97188448565187,36.97188448565187,0.0,True,Enrichment Factor final mg/kg column 22
11,Cr_mgkg,61.3702642898432,61.3702642898432,0.0,True,Enrichment Factor final mg/kg column 23
11,Co_mgkg,55.09094364161598,55.09094364161598,0.0,True,Enrichment Factor final mg/kg column 24
11,Ni_mgkg,88.41371276175171,88.41371276175171,0.0,True,Enrichment Factor final mg/kg column 25
11,Mn_mgkg,852.6754852918554,852.6754852918554,0.0,True,Enrichment Factor final mg/kg column 26
11,Pb_mgkg,115.24850145706041,115.24850145706041,0.0,True,Enrichment Factor final mg/kg column 27
11,Cd_mgkg,5.321452304155588,5.321452304155588,0.0,True,Enrichment Factor final mg/kg column 28
12,SiteCode,L3,L3,,True,dist!B
12,Fine_Klf_raw,226,226.0,0.0,True,dist!D
12,Fine_Khf_raw,222,222.0,0.0,True,dist!E
12,Fine_net_mass_g_primary,11.8836,11.8836,0.0,True,dist!G cached net mass (formula subtracts bottle)
12,Fine_LF_reconstructed_from_raw,190.17806052038102,190.17806052038105,2.842170943040401e-14,True,10*Klf/primary net mass
12,Fine_HF_reconstructed_from_raw,186.8120771483389,186.8120771483389,0.0,True,10*Khf/primary net mass
12,Coarse_Klf_raw,118,118.0,0.0,True,dist column 11
12,Coarse_Khf_raw,118,118.0,0.0,True,dist column 12
12,Coarse_mass_g,13.5995,13.5995,0.0,True,dist column 13
12,Coarse_LF_reconstructed_from_raw,86.76789587852494,86.76789587852494,0.0,True,10*Klf/coarse mass
12,Coarse_HF_reconstructed_from_raw,86.76789587852494,86.76789587852494,0.0,True,10*Khf/coarse mass
12,Fe_mgkg,10528.534835250504,10528.534835250504,0.0,True,Enrichment Factor final mg/kg column 20
12,Zn_mgkg,159.80885790389215,159.80885790389215,0.0,True,Enrichment Factor final mg/kg column 21
12,Cu_mgkg,119.21276226807699,119.21276226807699,0.0,True,Enrichment Factor final mg/kg column 22
12,Cr_mgkg,34.586148436203025,34.586148436203025,0.0,True,Enrichment Factor final mg/kg column 23
12,Co_mgkg,42.84818950411214,42.84818950411214,0.0,True,Enrichment Factor final mg/kg column 24
12,Ni_mgkg,71.16910919049408,71.16910919049408,0.0,True,Enrichment Factor final mg/kg column 25
12,Mn_mgkg,323.13561890499363,323.13561890499363,0.0,True,Enrichment Factor final mg/kg column 26
12,Pb_mgkg,162.99403747436665,162.99403747436665,0.0,True,Enrichment Factor final mg/kg column 27
12,Cd_mgkg,15.816971409887362,15.816971409887362,0.0,True,Enrichment Factor final mg/kg column 28
13,SiteCode,L3,L3,,True,dist!B
13,Fine_Klf_raw,81,81.0,0.0,True,dist!D
13,Fine_Khf_raw,80,80.0,0.0,True,dist!E
13,Fine_net_mass_g_primary,11.1341,11.1341,0.0,True,dist!G cached net mass (formula subtracts bottle)
13,Fine_LF_reconstructed_from_raw,72.74948132314242,72.74948132314242,0.0,True,10*Klf/primary net mass
13,Fine_HF_reconstructed_from_raw,71.85133957841227,71.85133957841227,0.0,True,10*Khf/primary net mass
13,Coarse_Klf_raw,19,19.0,0.0,True,dist column 11
13,Coarse_Khf_raw,17,17.0,0.0,True,dist column 12
13,Coarse_mass_g,13.1359,13.1359,0.0,True,dist column 13
13,Coarse_LF_reconstructed_from_raw,14.464178320480515,14.464178320480517,1.7763568394002505e-15,True,10*Klf/coarse mass
13,Coarse_HF_reconstructed_from_raw,12.941633234114146,12.941633234114144,1.7763568394002505e-15,True,10*Khf/coarse mass
13,Fe_mgkg,6394.8727078511665,6394.8727078511665,0.0,True,Enrichment Factor final mg/kg column 20
13,Zn_mgkg,107.71492295214921,107.71492295214921,0.0,True,Enrichment Factor final mg/kg column 21
13,Cu_mgkg,58.3941605839416,58.3941605839416,0.0,True,Enrichment Factor final mg/kg column 22
13,Cr_mgkg,23.64287992794551,23.64287992794551,0.0,True,Enrichment Factor final mg/kg column 23
13,Co_mgkg,35.1128285864224,35.1128285864224,0.0,True,Enrichment Factor final mg/kg column 24
13,Ni_mgkg,55.21476115065135,55.21476115065135,0.0,True,Enrichment Factor final mg/kg column 25
13,Mn_mgkg,235.01955308025913,235.01955308025913,0.0,True,Enrichment Factor final mg/kg column 26
13,Pb_mgkg,112.47183454481203,112.47183454481203,0.0,True,Enrichment Factor final mg/kg column 27
13,Cd_mgkg,13.105921328066694,13.105921328066694,0.0,True,Enrichment Factor final mg/kg column 28
14,SiteCode,L3,L3,,True,dist!B
14,Fine_Klf_raw,36,36.0,0.0,True,dist!D
14,Fine_Khf_raw,33,33.0,0.0,True,dist!E
14,Fine_net_mass_g_primary,9.5587,9.5587,0.0,True,dist!G cached net mass (formula subtracts bottle)
14,Fine_LF_reconstructed_from_raw,37.66202517078682,37.662025170786826,7.105427357601002e-15,True,10*Klf/primary net mass
14,Fine_HF_reconstructed_from_raw,34.523523073221256,34.523523073221256,0.0,True,10*Khf/primary net mass
14,Coarse_Klf_raw,40,40.0,0.0,True,dist column 11
14,Coarse_Khf_raw,38,38.0,0.0,True,dist column 12
14,Coarse_mass_g,11.6148,11.6148,0.0,True,dist column 13
14,Coarse_LF_reconstructed_from_raw,34.438819437269686,34.438819437269686,0.0,True,10*Klf/coarse mass
14,Coarse_HF_reconstructed_from_raw,32.716878465406204,32.716878465406204,0.0,True,10*Khf/coarse mass
14,Fe_mgkg,6179.556337566224,6179.556337566224,0.0,True,Enrichment Factor final mg/kg column 20
14,Zn_mgkg,69.50212255444814,69.50212255444814,0.0,True,Enrichment Factor final mg/kg column 21
14,Cu_mgkg,37.54813671126384,37.54813671126384,0.0,True,Enrichment Factor final mg/kg column 22
14,Cr_mgkg,15.55593242258941,15.55593242258941,0.0,True,Enrichment Factor final mg/kg column 23
14,Co_mgkg,31.020160001985285,31.020160001985285,0.0,True,Enrichment Factor final mg/kg column 24
14,Ni_mgkg,56.46578065199286,56.46578065199286,0.0,True,Enrichment Factor final mg/kg column 25
14,Mn_mgkg,264.75723982226083,264.75723982226083,0.0,True,Enrichment Factor final mg/kg column 26
14,Pb_mgkg,87.70744354543628,87.70744354543628,0.0,True,Enrichment Factor final mg/kg column 27
14,Cd_mgkg,7.143643366328229,7.143643366328229,0.0,True,Enrichment Factor final mg/kg column 28
15,SiteCode,L3,L3,,True,dist!B
15,Fine_Klf_raw,90,90.0,0.0,True,dist!D
15,Fine_Khf_raw,82,82.0,0.0,True,dist!E
15,Fine_net_mass_g_primary,9.257,9.257,0.0,True,dist!G cached net mass (formula subtracts bottle)
15,Fine_LF_reconstructed_from_raw,97.22372258831155,97.22372258831156,1.4210854715202004e-14,True,10*Klf/primary net mass
15,Fine_HF_reconstructed_from_raw,88.58161391379497,88.58161391379497,0.0,True,10*Khf/primary net mass
15,Coarse_Klf_raw,98,98.0,0.0,True,dist column 11
15,Coarse_Khf_raw,92,92.0,0.0,True,dist column 12
15,Coarse_mass_g,9.9469,9.9469,0.0,True,dist column 13
15,Coarse_LF_reconstructed_from_raw,98.52315796881442,98.52315796881442,0.0,True,10*Klf/coarse mass
15,Coarse_HF_reconstructed_from_raw,92.49112788909108,92.49112788909108,0.0,True,10*Khf/coarse mass
15,Fe_mgkg,6336.0528526476155,6336.0528526476155,0.0,True,Enrichment Factor final mg/kg column 20
15,Zn_mgkg,49.99409279181609,49.99409279181609,0.0,True,Enrichment Factor final mg/kg column 21
15,Cu_mgkg,39.269958798212585,39.269958798212585,0.0,True,Enrichment Factor final mg/kg column 22
15,Cr_mgkg,23.475189940012854,23.475189940012854,0.0,True,Enrichment Factor final mg/kg column 23
15,Co_mgkg,39.572162782217376,39.572162782217376,0.0,True,Enrichment Factor final mg/kg column 24
15,Ni_mgkg,61.35108396966885,61.35108396966885,0.0,True,Enrichment Factor final mg/kg column 25
15,Mn_mgkg,440.2403262574223,440.2403262574223,0.0,True,Enrichment Factor final mg/kg column 26
15,Pb_mgkg,85.9572321094022,85.9572321094022,0.0,True,Enrichment Factor final mg/kg column 27
15,Cd_mgkg,4.634755011752223,4.634755011752223,0.0,True,Enrichment Factor final mg/kg column 28
16,SiteCode,R4,R4,,True,dist!B
16,Fine_Klf_raw,84,84.0,0.0,True,dist!D
16,Fine_Khf_raw,77,77.0,0.0,True,dist!E
16,Fine_net_mass_g_primary,11.841299999999999,11.841299999999999,0.0,True,dist!G gross mass minus 2.999 g bottle
16,Fine_LF_reconstructed_from_raw,70.93815712801805,70.93815712801805,0.0,True,10*Klf/primary net mass
16,Fine_HF_reconstructed_from_raw,65.02664403401654,65.02664403401654,0.0,True,10*Khf/primary net mass
16,Coarse_Klf_raw,63,63.0,0.0,True,dist column 11
16,Coarse_Khf_raw,62,62.0,0.0,True,dist column 12
16,Coarse_mass_g,11.9158,11.9158,0.0,True,dist column 13
16,Coarse_LF_reconstructed_from_raw,52.87097802917135,52.87097802917135,0.0,True,10*Klf/coarse mass
16,Coarse_HF_reconstructed_from_raw,52.03175615569244,52.031756155692435,7.105427357601002e-15,True,10*Khf/coarse mass
16,Fe_mgkg,8386.417981826877,8386.417981826877,0.0,True,Enrichment Factor final mg/kg column 20
16,Zn_mgkg,83.2107843137255,83.2107843137255,0.0,True,Enrichment Factor final mg/kg column 21
16,Cu_mgkg,39.61280714817572,39.61280714817572,0.0,True,Enrichment Factor final mg/kg column 22
16,Cr_mgkg,26.009375472554066,26.009375472554066,0.0,True,Enrichment Factor final mg/kg column 23
16,Co_mgkg,38.139177239523256,38.139177239523256,0.0,True,Enrichment Factor final mg/kg column 24
16,Ni_mgkg,63.07760011735367,63.07760011735367,0.0,True,Enrichment Factor final mg/kg column 25
16,Mn_mgkg,375.56617555296174,375.56617555296174,0.0,True,Enrichment Factor final mg/kg column 26
16,Pb_mgkg,85.12723152769696,85.12723152769696,0.0,True,Enrichment Factor final mg/kg column 27
16,Cd_mgkg,50.04295982732245,50.04295982732245,0.0,True,Enrichment Factor final mg/kg column 28
17,SiteCode,L4,L4,,True,dist!B
17,Fine_Klf_raw,173,173.0,0.0,True,dist!D
17,Fine_Khf_raw,169,169.0,0.0,True,dist!E
17,Fine_net_mass_g_primary,11.461599999999999,11.461599999999999,0.0,True,dist!G gross mass minus 2.999 g bottle
17,Fine_LF_reconstructed_from_raw,150.93878690584214,150.93878690584214,0.0,True,10*Klf/primary net mass
17,Fine_HF_reconstructed_from_raw,147.4488727577302,147.44887275773016,2.842170943040401e-14,True,10*Khf/primary net mass
17,Coarse_Klf_raw,193,193.0,0.0,True,dist column 11
17,Coarse_Khf_raw,188,188.0,0.0,True,dist column 12
17,Coarse_mass_g,12.5609,12.5609,0.0,True,dist column 13
17,Coarse_LF_reconstructed_from_raw,153.65141032887772,153.65141032887772,0.0,True,10*Klf/coarse mass
17,Coarse_HF_reconstructed_from_raw,149.6708038436736,149.6708038436736,0.0,True,10*Khf/coarse mass
17,Fe_mgkg,12750.444927444805,12750.444927444805,0.0,True,Enrichment Factor final mg/kg column 20
17,Zn_mgkg,339.79282597904745,339.79282597904745,0.0,True,Enrichment Factor final mg/kg column 21
17,Cu_mgkg,97.17637884799113,97.17637884799113,0.0,True,Enrichment Factor final mg/kg column 22
17,Cr_mgkg,60.14203190610348,60.14203190610348,0.0,True,Enrichment Factor final mg/kg column 23
17,Co_mgkg,39.034345613784346,39.034345613784346,0.0,True,Enrichment Factor final mg/kg column 24
17,Ni_mgkg,82.08962662706038,82.08962662706038,0.0,True,Enrichment Factor final mg/kg column 25
17,Mn_mgkg,479.91024695380236,479.91024695380236,0.0,True,Enrichment Factor final mg/kg column 26
17,Pb_mgkg,131.5787380020081,131.5787380020081,0.0,True,Enrichment Factor final mg/kg column 27
17,Cd_mgkg,5.4866025959923,5.4866025959923,0.0,True,Enrichment Factor final mg/kg column 28
18,SiteCode,R5,R5,,True,dist!B
18,Fine_Klf_raw,135,135.0,0.0,True,dist!D
18,Fine_Khf_raw,132,132.0,0.0,True,dist!E
18,Fine_net_mass_g_primary,12.0694,12.0694,0.0,True,dist!G gross mass minus 2.999 g bottle
18,Fine_LF_reconstructed_from_raw,111.85311614496165,111.85311614496165,0.0,True,10*Klf/primary net mass
18,Fine_HF_reconstructed_from_raw,109.36749134174028,109.36749134174028,0.0,True,10*Khf/primary net mass
18,Coarse_Klf_raw,68,68.0,0.0,True,dist column 11
18,Coarse_Khf_raw,66,66.0,0.0,True,dist column 12
18,Coarse_mass_g,11.1817,11.1817,0.0,True,dist column 13
18,Coarse_LF_reconstructed_from_raw,60.81365087598487,60.81365087598488,7.105427357601002e-15,True,10*Klf/coarse mass
18,Coarse_HF_reconstructed_from_raw,59.02501408551473,59.02501408551473,0.0,True,10*Khf/coarse mass
18,Fe_mgkg,8904.647973790958,8904.647973790958,0.0,True,Enrichment Factor final mg/kg column 20
18,Zn_mgkg,102.59024020491911,102.59024020491911,0.0,True,Enrichment Factor final mg/kg column 21
18,Cu_mgkg,42.28342400447847,42.28342400447847,0.0,True,Enrichment Factor final mg/kg column 22
18,Cr_mgkg,22.374895609017447,22.374895609017447,0.0,True,Enrichment Factor final mg/kg column 23
18,Co_mgkg,34.74768720316481,34.74768720316481,0.0,True,Enrichment Factor final mg/kg column 24
18,Ni_mgkg,56.21874115776973,56.21874115776973,0.0,True,Enrichment Factor final mg/kg column 25
18,Mn_mgkg,313.24068983056617,313.24068983056617,0.0,True,Enrichment Factor final mg/kg column 26
18,Pb_mgkg,121.8441298865772,121.8441298865772,0.0,True,Enrichment Factor final mg/kg column 27
18,Cd_mgkg,4.274021066901251,4.274021066901251,0.0,True,Enrichment Factor final mg/kg column 28
19,SiteCode,L5,L5,,True,dist!B
19,Fine_Klf_raw,150,150.0,0.0,True,dist!D
19,Fine_Khf_raw,146,146.0,0.0,True,dist!E
19,Fine_net_mass_g_primary,10.639899999999999,10.639899999999999,0.0,True,dist!G gross mass minus 2.999 g bottle
19,Fine_LF_reconstructed_from_raw,140.97876859744923,140.97876859744923,0.0,True,10*Klf/primary net mass
19,Fine_HF_reconstructed_from_raw,137.21933476818393,137.21933476818393,0.0,True,10*Khf/primary net mass
19,Coarse_Klf_raw,146,146.0,0.0,True,dist column 11
19,Coarse_Khf_raw,146,146.0,0.0,True,dist column 12
19,Coarse_mass_g,12.084,12.084,0.0,True,dist column 13
19,Coarse_LF_reconstructed_from_raw,120.82092022509103,120.82092022509103,0.0,True,10*Klf/coarse mass
19,Coarse_HF_reconstructed_from_raw,120.82092022509103,120.82092022509103,0.0,True,10*Khf/coarse mass
19,Fe_mgkg,8359.64569265219,8359.64569265219,0.0,True,Enrichment Factor final mg/kg column 20
19,Zn_mgkg,247.39271755603414,247.39271755603414,0.0,True,Enrichment Factor final mg/kg column 21
19,Cu_mgkg,73.45346382303319,73.45346382303319,0.0,True,Enrichment Factor final mg/kg column 22
19,Cr_mgkg,29.526995978792232,29.526995978792232,0.0,True,Enrichment Factor final mg/kg column 23
19,Co_mgkg,34.095156767341216,34.095156767341216,0.0,True,Enrichment Factor final mg/kg column 24
19,Ni_mgkg,60.17102096000327,60.17102096000327,0.0,True,Enrichment Factor final mg/kg column 25
19,Mn_mgkg,370.748335581863,370.748335581863,0.0,True,Enrichment Factor final mg/kg column 26
19,Pb_mgkg,155.70776716432115,155.70776716432115,0.0,True,Enrichment Factor final mg/kg column 27
19,Cd_mgkg,8.908436869403081,8.908436869403081,0.0,True,Enrichment Factor final mg/kg column 28
20,SiteCode,R6,R6,,True,dist!B
20,Fine_Klf_raw,77,77.0,0.0,True,dist!D
20,Fine_Khf_raw,74,74.0,0.0,True,dist!E
20,Fine_net_mass_g_primary,10.875,10.875,0.0,True,dist!G gross mass minus 2.999 g bottle
20,Fine_LF_reconstructed_from_raw,70.80459770114942,70.80459770114943,1.4210854715202004e-14,True,10*Klf/primary net mass
20,Fine_HF_reconstructed_from_raw,68.04597701149426,68.04597701149424,1.4210854715202004e-14,True,10*Khf/primary net mass
20,Coarse_Klf_raw,70,70.0,0.0,True,dist column 11
20,Coarse_Khf_raw,72,72.0,0.0,True,dist column 12
20,Coarse_mass_g,10.4861,10.4861,0.0,True,dist column 13
20,Coarse_LF_reconstructed_from_raw,66.75503762123192,66.7550376212319,1.4210854715202004e-14,True,10*Klf/coarse mass
20,Coarse_HF_reconstructed_from_raw,68.66232441040997,68.66232441040997,0.0,True,10*Khf/coarse mass
20,Fe_mgkg,9322.466232630453,9322.466232630453,0.0,True,Enrichment Factor final mg/kg column 20
20,Zn_mgkg,92.29574756529439,92.29574756529439,0.0,True,Enrichment Factor final mg/kg column 21
20,Cu_mgkg,58.31105955923144,58.31105955923144,0.0,True,Enrichment Factor final mg/kg column 22
20,Cr_mgkg,28.485031595981113,28.485031595981113,0.0,True,Enrichment Factor final mg/kg column 23
20,Co_mgkg,43.941879540660885,43.941879540660885,0.0,True,Enrichment Factor final mg/kg column 24
20,Ni_mgkg,69.85772620242221,69.85772620242221,0.0,True,Enrichment Factor final mg/kg column 25
20,Mn_mgkg,388.9036391560923,388.9036391560923,0.0,True,Enrichment Factor final mg/kg column 26
20,Pb_mgkg,112.77119528134207,112.77119528134207,0.0,True,Enrichment Factor final mg/kg column 27
20,Cd_mgkg,6.0765133268138705,6.0765133268138705,0.0,True,Enrichment Factor final mg/kg column 28
21,SiteCode,R6,R6,,True,dist!B
21,Fine_Klf_raw,93,93.0,0.0,True,dist!D
21,Fine_Khf_raw,86,86.0,0.0,True,dist!E
21,Fine_net_mass_g_primary,9.804,9.804,0.0,True,dist!G gross mass minus 2.999 g bottle
21,Fine_LF_reconstructed_from_raw,94.85924112607098,94.859241126071,1.4210854715202004e-14,True,10*Klf/primary net mass
21,Fine_HF_reconstructed_from_raw,87.71929824561403,87.71929824561404,1.4210854715202004e-14,True,10*Khf/primary net mass
21,Coarse_Klf_raw,82,82.0,0.0,True,dist column 11
21,Coarse_Khf_raw,75,75.0,0.0,True,dist column 12
21,Coarse_mass_g,8.4312,8.4312,0.0,True,dist column 13
21,Coarse_LF_reconstructed_from_raw,97.25780434576335,97.25780434576335,0.0,True,10*Klf/coarse mass
21,Coarse_HF_reconstructed_from_raw,88.95530885283233,88.95530885283233,0.0,True,10*Khf/coarse mass
21,Fe_mgkg,11636.877851641655,11636.877851641655,0.0,True,Enrichment Factor final mg/kg column 20
21,Zn_mgkg,80.63262609776949,80.63262609776949,0.0,True,Enrichment Factor final mg/kg column 21
21,Cu_mgkg,44.712555816911674,44.712555816911674,0.0,True,Enrichment Factor final mg/kg column 22
21,Cr_mgkg,44.053629149956755,44.053629149956755,0.0,True,Enrichment Factor final mg/kg column 23
21,Co_mgkg,47.850025220315835,47.850025220315835,0.0,True,Enrichment Factor final mg/kg column 24
21,Ni_mgkg,77.28211917552044,77.28211917552044,0.0,True,Enrichment Factor final mg/kg column 25
21,Mn_mgkg,604.636491115786,604.636491115786,0.0,True,Enrichment Factor final mg/kg column 26
21,Pb_mgkg,119.55089160083982,119.55089160083982,0.0,True,Enrichment Factor final mg/kg column 27
21,Cd_mgkg,5.731266876608233,5.731266876608233,0.0,True,Enrichment Factor final mg/kg column 28
22,SiteCode,R6,R6,,True,dist!B
22,Fine_Klf_raw,74,74.0,0.0,True,dist!D
22,Fine_Khf_raw,69,69.0,0.0,True,dist!E
22,Fine_net_mass_g_primary,12.012799999999999,12.012799999999999,0.0,True,dist!G gross mass minus 2.999 g bottle
22,Fine_LF_reconstructed_from_raw,61.60095897709111,61.60095897709111,0.0,True,10*Klf/primary net mass
22,Fine_HF_reconstructed_from_raw,57.43873201917955,57.438732019179554,7.105427357601002e-15,True,10*Khf/primary net mass
22,Coarse_Klf_raw,85,85.0,0.0,True,dist column 11
22,Coarse_Khf_raw,78,78.0,0.0,True,dist column 12
22,Coarse_mass_g,10.75,10.75,0.0,True,dist column 13
22,Coarse_LF_reconstructed_from_raw,79.06976744186046,79.06976744186046,0.0,True,10*Klf/coarse mass
22,Coarse_HF_reconstructed_from_raw,72.55813953488372,72.55813953488372,0.0,True,10*Khf/coarse mass
22,Fe_mgkg,11675.32986805278,11675.32986805278,0.0,True,Enrichment Factor final mg/kg column 20
22,Zn_mgkg,64.89071038251367,64.89071038251367,0.0,True,Enrichment Factor final mg/kg column 21
22,Cu_mgkg,33.68078279885708,33.68078279885708,0.0,True,Enrichment Factor final mg/kg column 22
22,Cr_mgkg,35.98323375810838,35.98323375810838,0.0,True,Enrichment Factor final mg/kg column 23
22,Co_mgkg,38.90248827568018,38.90248827568018,0.0,True,Enrichment Factor final mg/kg column 24
22,Ni_mgkg,64.46682788614844,64.46682788614844,0.0,True,Enrichment Factor final mg/kg column 25
22,Mn_mgkg,463.30765469542,463.30765469542,0.0,True,Enrichment Factor final mg/kg column 26
22,Pb_mgkg,98.46700009781054,98.46700009781054,0.0,True,Enrichment Factor final mg/kg column 27
22,Cd_mgkg,37.871453594441206,37.871453594441206,0.0,True,Enrichment Factor final mg/kg column 28
23,SiteCode,R6,R6,,True,dist!B
23,Fine_Klf_raw,97,97.0,0.0,True,dist!D
23,Fine_Khf_raw,92,92.0,0.0,True,dist!E
23,Fine_net_mass_g_primary,9.989099999999999,9.989099999999999,0.0,True,dist!G gross mass minus 2.999 g bottle
23,Fine_LF_reconstructed_from_raw,97.1058453714549,97.1058453714549,0.0,True,10*Klf/primary net mass
23,Fine_HF_reconstructed_from_raw,92.10038942447268,92.1003894244727,1.4210854715202004e-14,True,10*Khf/primary net mass
23,Coarse_Klf_raw,120,120.0,0.0,True,dist column 11
23,Coarse_Khf_raw,111,111.0,0.0,True,dist column 12
23,Coarse_mass_g,10.685,10.685,0.0,True,dist column 13
23,Coarse_LF_reconstructed_from_raw,112.30697239120262,112.30697239120262,0.0,True,10*Klf/coarse mass
23,Coarse_HF_reconstructed_from_raw,103.88394946186241,103.88394946186241,0.0,True,10*Khf/coarse mass
23,Fe_mgkg,21405.30571768685,21405.30571768685,0.0,True,Enrichment Factor final mg/kg column 20
23,Zn_mgkg,77.66031125234254,77.66031125234254,0.0,True,Enrichment Factor final mg/kg column 21
23,Cu_mgkg,47.03130366441927,47.03130366441927,0.0,True,Enrichment Factor final mg/kg column 22
23,Cr_mgkg,52.783745622562336,52.783745622562336,0.0,True,Enrichment Factor final mg/kg column 23
23,Co_mgkg,48.248746251535735,48.248746251535735,0.0,True,Enrichment Factor final mg/kg column 24
23,Ni_mgkg,80.768501625428,80.768501625428,0.0,True,Enrichment Factor final mg/kg column 25
23,Mn_mgkg,730.7545917424637,730.7545917424637,0.0,True,Enrichment Factor final mg/kg column 26
23,Pb_mgkg,101.79656948105763,101.79656948105763,0.0,True,Enrichment Factor final mg/kg column 27
23,Cd_mgkg,50.89939536394896,50.89939536394896,0.0,True,Enrichment Factor final mg/kg column 28
24,SiteCode,R6,R6,,True,dist!B
24,Fine_Klf_raw,51,51.0,0.0,True,dist!D
24,Fine_Khf_raw,48,48.0,0.0,True,dist!E
24,Fine_net_mass_g_primary,5.0008,5.0008,0.0,True,dist!G gross mass minus 2.999 g bottle
24,Fine_LF_reconstructed_from_raw,101.98368261078228,101.98368261078228,0.0,True,10*Klf/primary net mass
24,Fine_HF_reconstructed_from_raw,95.98464245720685,95.98464245720685,0.0,True,10*Khf/primary net mass
24,Coarse_Klf_raw,,,,True,dist column 11
24,Coarse_Khf_raw,,,,True,dist column 12
24,Coarse_mass_g,,,,True,dist column 13
24,Fe_mgkg,17781.49659420408,17781.49659420408,0.0,True,Enrichment Factor final mg/kg column 20
24,Zn_mgkg,72.55389718076285,72.55389718076285,0.0,True,Enrichment Factor final mg/kg column 21
24,Cu_mgkg,38.77269612639617,38.77269612639617,0.0,True,Enrichment Factor final mg/kg column 22
24,Cr_mgkg,49.53553988870825,49.53553988870825,0.0,True,Enrichment Factor final mg/kg column 23
24,Co_mgkg,41.3501704238538,41.3501704238538,0.0,True,Enrichment Factor final mg/kg column 24
24,Ni_mgkg,69.67248100880937,69.67248100880937,0.0,True,Enrichment Factor final mg/kg column 25
24,Mn_mgkg,726.0144790889898,726.0144790889898,0.0,True,Enrichment Factor final mg/kg column 26
24,Pb_mgkg,89.2922476122731,89.2922476122731,0.0,True,Enrichment Factor final mg/kg column 27
24,Cd_mgkg,62.49690987501174,62.49690987501174,0.0,True,Enrichment Factor final mg/kg column 28
25,SiteCode,R6,R6,,True,dist!B
25,Fine_Klf_raw,77,77.0,0.0,True,dist!D
25,Fine_Khf_raw,71,71.0,0.0,True,dist!E
25,Fine_net_mass_g_primary,10.029,10.029,0.0,True,dist!G gross mass minus 2.999 g bottle
25,Fine_LF_reconstructed_from_raw,76.77734569747732,76.77734569747732,0.0,True,10*Klf/primary net mass
25,Fine_HF_reconstructed_from_raw,70.79469538338817,70.79469538338817,0.0,True,10*Khf/primary net mass
25,Coarse_Klf_raw,66,66.0,0.0,True,dist column 11
25,Coarse_Khf_raw,71,71.0,0.0,True,dist column 12
25,Coarse_mass_g,9.3366,9.3366,0.0,True,dist column 13
25,Coarse_LF_reconstructed_from_raw,70.6895443737549,70.6895443737549,0.0,True,10*Klf/coarse mass
25,Coarse_HF_reconstructed_from_raw,76.04481288691815,76.04481288691814,1.4210854715202004e-14,True,10*Khf/coarse mass
25,Fe_mgkg,9760.947721334038,9760.947721334038,0.0,True,Enrichment Factor final mg/kg column 20
25,Zn_mgkg,102.44911205015605,102.44911205015605,0.0,True,Enrichment Factor final mg/kg column 21
25,Cu_mgkg,56.321719731795355,56.321719731795355,0.0,True,Enrichment Factor final mg/kg column 22
25,Cr_mgkg,23.003973936497527,23.003973936497527,0.0,True,Enrichment Factor final mg/kg column 23
25,Co_mgkg,42.24077567061293,42.24077567061293,0.0,True,Enrichment Factor final mg/kg column 24
25,Ni_mgkg,63.53740307446646,63.53740307446646,0.0,True,Enrichment Factor final mg/kg column 25
25,Mn_mgkg,492.14706688258474,492.14706688258474,0.0,True,Enrichment Factor final mg/kg column 26
25,Pb_mgkg,117.10385222503142,117.10385222503142,0.0,True,Enrichment Factor final mg/kg column 27
25,Cd_mgkg,13.06169610241645,13.06169610241645,0.0,True,Enrichment Factor final mg/kg column 28
26,SiteCode,L6,L6,,True,dist!B
26,Fine_Klf_raw,156,156.0,0.0,True,dist!D
26,Fine_Khf_raw,152,152.0,0.0,True,dist!E
26,Fine_net_mass_g_primary,10.502099999999999,10.502099999999999,0.0,True,dist!G gross mass minus 2.999 g bottle
26,Fine_LF_reconstructed_from_raw,148.5417202273831,148.5417202273831,0.0,True,10*Klf/primary net mass
26,Fine_HF_reconstructed_from_raw,144.73295817027073,144.7329581702707,2.842170943040401e-14,True,10*Khf/primary net mass
26,Coarse_Klf_raw,150,150.0,0.0,True,dist column 11
26,Coarse_Khf_raw,156,156.0,0.0,True,dist column 12
26,Coarse_mass_g,11.5891,11.5891,0.0,True,dist column 13
26,Coarse_LF_reconstructed_from_raw,129.4319662441432,129.4319662441432,0.0,True,10*Klf/coarse mass
26,Coarse_HF_reconstructed_from_raw,134.60924489390894,134.60924489390894,0.0,True,10*Khf/coarse mass
26,Fe_mgkg,10307.8177906499,10307.8177906499,0.0,True,Enrichment Factor final mg/kg column 20
26,Zn_mgkg,228.1536110419606,228.1536110419606,0.0,True,Enrichment Factor final mg/kg column 21
26,Cu_mgkg,52.624447364523554,52.624447364523554,0.0,True,Enrichment Factor final mg/kg column 22
26,Cr_mgkg,33.27759336444789,33.27759336444789,0.0,True,Enrichment Factor final mg/kg column 23
26,Co_mgkg,35.79558119820827,35.79558119820827,0.0,True,Enrichment Factor final mg/kg column 24
26,Ni_mgkg,71.13367523022995,71.13367523022995,0.0,True,Enrichment Factor final mg/kg column 25
26,Mn_mgkg,396.7289773485772,396.7289773485772,0.0,True,Enrichment Factor final mg/kg column 26
26,Pb_mgkg,152.26800932061641,152.26800932061641,0.0,True,Enrichment Factor final mg/kg column 27
26,Cd_mgkg,9.932847741239383,9.932847741239383,0.0,True,Enrichment Factor final mg/kg column 28
27,SiteCode,L6,L6,,True,dist!B
27,Fine_Klf_raw,47,47.0,0.0,True,dist!D
27,Fine_Khf_raw,44,44.0,0.0,True,dist!E
27,Fine_net_mass_g_primary,10.615599999999999,10.615599999999999,0.0,True,dist!G gross mass minus 2.999 g bottle
27,Fine_LF_reconstructed_from_raw,44.274463996382686,44.27446399638269,7.105427357601002e-15,True,10*Klf/primary net mass
27,Fine_HF_reconstructed_from_raw,41.4484343795923,41.44843437959231,7.105427357601002e-15,True,10*Khf/primary net mass
27,Coarse_Klf_raw,18,18.0,0.0,True,dist column 11
27,Coarse_Khf_raw,17,17.0,0.0,True,dist column 12
27,Coarse_mass_g,13.8294,13.8294,0.0,True,dist column 13
27,Coarse_LF_reconstructed_from_raw,13.015749056358194,13.015749056358194,0.0,True,10*Klf/coarse mass
27,Coarse_HF_reconstructed_from_raw,12.292651886560517,12.292651886560517,0.0,True,10*Khf/coarse mass
27,Fe_mgkg,5557.052984120248,5557.052984120248,0.0,True,Enrichment Factor final mg/kg column 20
27,Zn_mgkg,89.88753037071872,89.88753037071872,0.0,True,Enrichment Factor final mg/kg column 21
27,Cu_mgkg,40.03131073523678,40.03131073523678,0.0,True,Enrichment Factor final mg/kg column 22
27,Cr_mgkg,19.644382280888074,19.644382280888074,0.0,True,Enrichment Factor final mg/kg column 23
27,Co_mgkg,29.506276999396043,29.506276999396043,0.0,True,Enrichment Factor final mg/kg column 24
27,Ni_mgkg,45.68678624779847,45.68678624779847,0.0,True,Enrichment Factor final mg/kg column 25
27,Mn_mgkg,208.9245465185614,208.9245465185614,0.0,True,Enrichment Factor final mg/kg column 26
27,Pb_mgkg,87.5151606245914,87.5151606245914,0.0,True,Enrichment Factor final mg/kg column 27
27,Cd_mgkg,7.496960799103983,7.496960799103983,0.0,True,Enrichment Factor final mg/kg column 28
28,SiteCode,L6,L6,,True,dist!B
28,Fine_Klf_raw,92,92.0,0.0,True,dist!D
28,Fine_Khf_raw,84,84.0,0.0,True,dist!E
28,Fine_net_mass_g_primary,10.3791,10.3791,0.0,True,dist!G gross mass minus 2.999 g bottle
28,Fine_LF_reconstructed_from_raw,88.63967010627127,88.63967010627127,0.0,True,10*Klf/primary net mass
28,Fine_HF_reconstructed_from_raw,80.93187270572594,80.93187270572594,0.0,True,10*Khf/primary net mass
28,Coarse_Klf_raw,86,86.0,0.0,True,dist column 11
28,Coarse_Khf_raw,79,79.0,0.0,True,dist column 12
28,Coarse_mass_g,10.9889,10.9889,0.0,True,dist column 13
28,Coarse_LF_reconstructed_from_raw,78.26079043398339,78.26079043398339,0.0,True,10*Klf/coarse mass
28,Coarse_HF_reconstructed_from_raw,71.89072609633358,71.89072609633358,0.0,True,10*Khf/coarse mass
28,Fe_mgkg,8193.07466682415,8193.07466682415,0.0,True,Enrichment Factor final mg/kg column 20
28,Zn_mgkg,78.81860371267152,78.81860371267152,0.0,True,Enrichment Factor final mg/kg column 21
28,Cu_mgkg,41.37677383761915,41.37677383761915,0.0,True,Enrichment Factor final mg/kg column 22
28,Cr_mgkg,35.168091026223564,35.168091026223564,0.0,True,Enrichment Factor final mg/kg column 23
28,Co_mgkg,33.23363243602526,33.23363243602526,0.0,True,Enrichment Factor final mg/kg column 24
28,Ni_mgkg,68.18104053828301,68.18104053828301,0.0,True,Enrichment Factor final mg/kg column 25
28,Mn_mgkg,551.6157309746964,551.6157309746964,0.0,True,Enrichment Factor final mg/kg column 26
28,Pb_mgkg,66.80338251994962,66.80338251994962,0.0,True,Enrichment Factor final mg/kg column 27
28,Cd_mgkg,15.052303519996274,15.052303519996274,0.0,True,Enrichment Factor final mg/kg column 28
29,SiteCode,L6,L6,,True,dist!B
29,Fine_Klf_raw,84,84.0,0.0,True,dist!D
29,Fine_Khf_raw,79,79.0,0.0,True,dist!E
29,Fine_net_mass_g_primary,11.3177,11.3177,0.0,True,dist!G gross mass minus 2.999 g bottle
29,Fine_LF_reconstructed_from_raw,74.22002703729557,74.22002703729557,0.0,True,10*Klf/primary net mass
29,Fine_HF_reconstructed_from_raw,69.80216828507558,69.8021682850756,1.4210854715202004e-14,True,10*Khf/primary net mass
29,Coarse_Klf_raw,89,89.0,0.0,True,dist column 11
29,Coarse_Khf_raw,86,86.0,0.0,True,dist column 12
29,Coarse_mass_g,10.88,10.88,0.0,True,dist column 13
29,Coarse_LF_reconstructed_from_raw,81.80147058823529,81.80147058823529,0.0,True,10*Klf/coarse mass
29,Coarse_HF_reconstructed_from_raw,79.04411764705881,79.04411764705881,0.0,True,10*Khf/coarse mass
29,Fe_mgkg,9990.69692189459,9990.69692189459,0.0,True,Enrichment Factor final mg/kg column 20
29,Zn_mgkg,90.2399378767538,90.2399378767538,0.0,True,Enrichment Factor final mg/kg column 21
29,Cu_mgkg,34.93682881553654,34.93682881553654,0.0,True,Enrichment Factor final mg/kg column 22
29,Cr_mgkg,26.188070542135698,26.188070542135698,0.0,True,Enrichment Factor final mg/kg column 23
29,Co_mgkg,42.11745505277844,42.11745505277844,0.0,True,Enrichment Factor final mg/kg column 24
29,Ni_mgkg,62.77246944236187,62.77246944236187,0.0,True,Enrichment Factor final mg/kg column 25
29,Mn_mgkg,413.47758955899457,413.47758955899457,0.0,True,Enrichment Factor final mg/kg column 26
29,Pb_mgkg,73.99604935092516,73.99604935092516,0.0,True,Enrichment Factor final mg/kg column 27
29,Cd_mgkg,5.44379734995945,5.44379734995945,0.0,True,Enrichment Factor final mg/kg column 28
30,SiteCode,L6,L6,,True,dist!B
30,Fine_Klf_raw,122,122.0,0.0,True,dist!D
30,Fine_Khf_raw,115,115.0,0.0,True,dist!E
30,Fine_net_mass_g_primary,9.3636,9.3636,0.0,True,dist!G gross mass minus 2.999 g bottle
30,Fine_LF_reconstructed_from_raw,130.29176812337136,130.29176812337136,0.0,True,10*Klf/primary net mass
30,Fine_HF_reconstructed_from_raw,122.8160109359648,122.8160109359648,0.0,True,10*Khf/primary net mass
30,Coarse_Klf_raw,95,95.0,0.0,True,dist column 11
30,Coarse_Khf_raw,89,89.0,0.0,True,dist column 12
30,Coarse_mass_g,8.9487,8.9487,0.0,True,dist column 13
30,Coarse_LF_reconstructed_from_raw,106.16067138243542,106.16067138243544,1.4210854715202004e-14,True,10*Klf/coarse mass
30,Coarse_HF_reconstructed_from_raw,99.4557868740711,99.45578687407108,1.4210854715202004e-14,True,10*Khf/coarse mass
30,Fe_mgkg,16474.957342166013,16474.957342166013,0.0,True,Enrichment Factor final mg/kg column 20
30,Zn_mgkg,118.87002743484224,118.87002743484224,0.0,True,Enrichment Factor final mg/kg column 21
30,Cu_mgkg,46.41350210970464,46.41350210970464,0.0,True,Enrichment Factor final mg/kg column 22
30,Cr_mgkg,42.84490145672665,42.84490145672665,0.0,True,Enrichment Factor final mg/kg column 23
30,Co_mgkg,48.41442749939482,48.41442749939482,0.0,True,Enrichment Factor final mg/kg column 24
30,Ni_mgkg,77.48119413400653,77.48119413400653,0.0,True,Enrichment Factor final mg/kg column 25
30,Mn_mgkg,631.8436244805891,631.8436244805891,0.0,True,Enrichment Factor final mg/kg column 26
30,Pb_mgkg,113.1098129189401,113.1098129189401,0.0,True,Enrichment Factor final mg/kg column 27
30,Cd_mgkg,5.3657742768299705,5.3657742768299705,0.0,True,Enrichment Factor final mg/kg column 28
31,SiteCode,R7,R7,,True,dist!B
31,Fine_Klf_raw,52,52.0,0.0,True,dist!D
31,Fine_Khf_raw,49,49.0,0.0,True,dist!E
31,Fine_net_mass_g_primary,10.3569,10.3569,0.0,True,dist!G gross mass minus 2.999 g bottle
31,Fine_LF_reconstructed_from_raw,50.20807384449015,50.20807384449015,0.0,True,10*Klf/primary net mass
31,Fine_HF_reconstructed_from_raw,47.31145419961572,47.31145419961572,0.0,True,10*Khf/primary net mass
31,Coarse_Klf_raw,57,57.0,0.0,True,dist column 11
31,Coarse_Khf_raw,57,57.0,0.0,True,dist column 12
31,Coarse_mass_g,15.405,15.405,0.0,True,dist column 13
31,Coarse_LF_reconstructed_from_raw,37.00097370983447,37.00097370983447,0.0,True,10*Klf/coarse mass
31,Coarse_HF_reconstructed_from_raw,37.00097370983447,37.00097370983447,0.0,True,10*Khf/coarse mass
31,Fe_mgkg,1724.792948864068,1724.792948864068,0.0,True,Enrichment Factor final mg/kg column 20
31,Zn_mgkg,80.8427440290758,80.8427440290758,0.0,True,Enrichment Factor final mg/kg column 21
31,Cu_mgkg,33.124334555779015,33.124334555779015,0.0,True,Enrichment Factor final mg/kg column 22
31,Cr_mgkg,15.616365951517194,15.616365951517194,0.0,True,Enrichment Factor final mg/kg column 23
31,Co_mgkg,20.768431983385256,20.768431983385256,0.0,True,Enrichment Factor final mg/kg column 24
31,Ni_mgkg,34.716557515867656,34.716557515867656,0.0,True,Enrichment Factor final mg/kg column 25
31,Mn_mgkg,353.2519002415467,353.2519002415467,0.0,True,Enrichment Factor final mg/kg column 26
31,Pb_mgkg,71.75974351364894,71.75974351364894,0.0,True,Enrichment Factor final mg/kg column 27
31,Cd_mgkg,7.657758141362215,7.657758141362215,0.0,True,Enrichment Factor final mg/kg column 28
32,SiteCode,L7,L7,,True,dist!B
32,Fine_Klf_raw,184,184.0,0.0,True,dist!D
32,Fine_Khf_raw,181,181.0,0.0,True,dist!E
32,Fine_net_mass_g_primary,11.5627,11.5627,0.0,True,dist!G gross mass minus 2.999 g bottle
32,Fine_LF_reconstructed_from_raw,159.1323825750041,159.13238257500413,2.842170943040401e-14,True,10*Klf/primary net mass
32,Fine_HF_reconstructed_from_raw,156.5378328591073,156.5378328591073,0.0,True,10*Khf/primary net mass
32,Coarse_Klf_raw,195,195.0,0.0,True,dist column 11
32,Coarse_Khf_raw,191,191.0,0.0,True,dist column 12
32,Coarse_mass_g,14.6617,14.6617,0.0,True,dist column 13
32,Coarse_LF_reconstructed_from_raw,132.99958395001943,132.99958395001943,0.0,True,10*Klf/coarse mass
32,Coarse_HF_reconstructed_from_raw,130.27138735617288,130.27138735617288,0.0,True,10*Khf/coarse mass
32,Fe_mgkg,11447.901691804132,11447.901691804132,0.0,True,Enrichment Factor final mg/kg column 20
32,Zn_mgkg,139.66068653568655,139.66068653568655,0.0,True,Enrichment Factor final mg/kg column 21
32,Cu_mgkg,45.840235713653435,45.840235713653435,0.0,True,Enrichment Factor final mg/kg column 22
32,Cr_mgkg,42.37407836379559,42.37407836379559,0.0,True,Enrichment Factor final mg/kg column 23
32,Co_mgkg,36.56474244709539,36.56474244709539,0.0,True,Enrichment Factor final mg/kg column 24
32,Ni_mgkg,75.77626031491367,75.77626031491367,0.0,True,Enrichment Factor final mg/kg column 25
32,Mn_mgkg,397.0820144537853,397.0820144537853,0.0,True,Enrichment Factor final mg/kg column 26
32,Pb_mgkg,128.71043584213808,128.71043584213808,0.0,True,Enrichment Factor final mg/kg column 27
32,Cd_mgkg,6.139211696746432,6.139211696746432,0.0,True,Enrichment Factor final mg/kg column 28
33,SiteCode,R8,R8,,True,dist!B
33,Fine_Klf_raw,52,52.0,0.0,True,dist!D
33,Fine_Khf_raw,50,50.0,0.0,True,dist!E
33,Fine_net_mass_g_primary,10.7228,10.7228,0.0,True,dist!G gross mass minus 2.999 g bottle
33,Fine_LF_reconstructed_from_raw,48.494796135337786,48.49479613533779,7.105427357601002e-15,True,10*Klf/primary net mass
33,Fine_HF_reconstructed_from_raw,46.62961166859402,46.62961166859403,7.105427357601002e-15,True,10*Khf/primary net mass
33,Coarse_Klf_raw,34,34.0,0.0,True,dist column 11
33,Coarse_Khf_raw,31,31.0,0.0,True,dist column 12
33,Coarse_mass_g,14.4762,14.4762,0.0,True,dist column 13
33,Coarse_LF_reconstructed_from_raw,23.48682665340352,23.48682665340352,0.0,True,10*Klf/coarse mass
33,Coarse_HF_reconstructed_from_raw,21.414459595750266,21.414459595750266,0.0,True,10*Khf/coarse mass
33,Fe_mgkg,4207.840673254508,4207.840673254508,0.0,True,Enrichment Factor final mg/kg column 20
33,Zn_mgkg,140.67785584179026,140.67785584179026,0.0,True,Enrichment Factor final mg/kg column 21
33,Cu_mgkg,22.529866895917944,22.529866895917944,0.0,True,Enrichment Factor final mg/kg column 22
33,Cr_mgkg,46.6577966683323,46.6577966683323,0.0,True,Enrichment Factor final mg/kg column 23
33,Co_mgkg,23.266137055915262,23.266137055915262,0.0,True,Enrichment Factor final mg/kg column 24
33,Ni_mgkg,48.18165359435135,48.18165359435135,0.0,True,Enrichment Factor final mg/kg column 25
33,Mn_mgkg,154.46211381914225,154.46211381914225,0.0,True,Enrichment Factor final mg/kg column 26
33,Pb_mgkg,73.75647197802665,73.75647197802665,0.0,True,Enrichment Factor final mg/kg column 27
33,Cd_mgkg,9.552899284074858,9.552899284074858,0.0,True,Enrichment Factor final mg/kg column 28
34,SiteCode,R8,R8,,True,dist!B
34,Fine_Klf_raw,140,140.0,0.0,True,dist!D
34,Fine_Khf_raw,139,139.0,0.0,True,dist!E
34,Fine_net_mass_g_primary,10.6832,10.6832,0.0,True,dist!G gross mass minus 2.999 g bottle
34,Fine_LF_reconstructed_from_raw,131.04687734012282,131.04687734012282,0.0,True,10*Klf/primary net mass
34,Fine_HF_reconstructed_from_raw,130.1108282162648,130.1108282162648,0.0,True,10*Khf/primary net mass
34,Coarse_Klf_raw,172,172.0,0.0,True,dist column 11
34,Coarse_Khf_raw,167,167.0,0.0,True,dist column 12
34,Coarse_mass_g,12.8253,12.8253,0.0,True,dist column 13
34,Coarse_LF_reconstructed_from_raw,134.10992335461938,134.10992335461938,0.0,True,10*Klf/coarse mass
34,Coarse_HF_reconstructed_from_raw,130.21137907105486,130.21137907105486,0.0,True,10*Khf/coarse mass
34,Fe_mgkg,9984.379659196153,9984.379659196153,0.0,True,Enrichment Factor final mg/kg column 20
34,Zn_mgkg,121.27897876015439,121.27897876015439,0.0,True,Enrichment Factor final mg/kg column 21
34,Cu_mgkg,40.89250191395356,40.89250191395356,0.0,True,Enrichment Factor final mg/kg column 22
34,Cr_mgkg,45.894101390372725,45.894101390372725,0.0,True,Enrichment Factor final mg/kg column 23
34,Co_mgkg,33.338572251830044,33.338572251830044,0.0,True,Enrichment Factor final mg/kg column 24
34,Ni_mgkg,71.42495150674847,71.42495150674847,0.0,True,Enrichment Factor final mg/kg column 25
34,Mn_mgkg,377.2410032870741,377.2410032870741,0.0,True,Enrichment Factor final mg/kg column 26
34,Pb_mgkg,130.86759398474373,130.86759398474373,0.0,True,Enrichment Factor final mg/kg column 27
34,Cd_mgkg,6.316835691056199,6.316835691056199,0.0,True,Enrichment Factor final mg/kg column 28
35,SiteCode,R8,R8,,True,dist!B
35,Fine_Klf_raw,105,105.0,0.0,True,dist!D
35,Fine_Khf_raw,100,100.0,0.0,True,dist!E
35,Fine_net_mass_g_primary,11.5298,11.5298,0.0,True,dist!G gross mass minus 2.999 g bottle
35,Fine_LF_reconstructed_from_raw,91.06836198372912,91.06836198372912,0.0,True,10*Klf/primary net mass
35,Fine_HF_reconstructed_from_raw,86.73177331783725,86.73177331783727,1.4210854715202004e-14,True,10*Khf/primary net mass
35,Coarse_Klf_raw,104,104.0,0.0,True,dist column 11
35,Coarse_Khf_raw,95,95.0,0.0,True,dist column 12
35,Coarse_mass_g,10.198,10.198,0.0,True,dist column 13
35,Coarse_LF_reconstructed_from_raw,101.98078054520494,101.98078054520494,0.0,True,10*Klf/coarse mass
35,Coarse_HF_reconstructed_from_raw,93.15552069033143,93.15552069033144,1.4210854715202004e-14,True,10*Khf/coarse mass
35,Fe_mgkg,19118.684337528306,19118.684337528306,0.0,True,Enrichment Factor final mg/kg column 20
35,Zn_mgkg,64.96335015621244,64.96335015621244,0.0,True,Enrichment Factor final mg/kg column 21
35,Cu_mgkg,26.314268417706305,26.314268417706305,0.0,True,Enrichment Factor final mg/kg column 22
35,Cr_mgkg,58.691645831132405,58.691645831132405,0.0,True,Enrichment Factor final mg/kg column 23
35,Co_mgkg,45.55214699834912,45.55214699834912,0.0,True,Enrichment Factor final mg/kg column 24
35,Ni_mgkg,75.4142841246639,75.4142841246639,0.0,True,Enrichment Factor final mg/kg column 25
35,Mn_mgkg,677.5219540057067,677.5219540057067,0.0,True,Enrichment Factor final mg/kg column 26
35,Pb_mgkg,89.45012692535141,89.45012692535141,0.0,True,Enrichment Factor final mg/kg column 27
35,Cd_mgkg,3.7243383456078103,3.7243383456078103,0.0,True,Enrichment Factor final mg/kg column 28
36,SiteCode,R8,R8,,True,dist!B
36,Fine_Klf_raw,103,103.0,0.0,True,dist!D
36,Fine_Khf_raw,99,99.0,0.0,True,dist!E
36,Fine_net_mass_g_primary,11.3363,11.3363,0.0,True,dist!G gross mass minus 2.999 g bottle
36,Fine_LF_reconstructed_from_raw,90.85856937448727,90.85856937448726,1.4210854715202004e-14,True,10*Klf/primary net mass
36,Fine_HF_reconstructed_from_raw,87.33008124343922,87.33008124343922,0.0,True,10*Khf/primary net mass
36,Coarse_Klf_raw,103,103.0,0.0,True,dist column 11
36,Coarse_Khf_raw,97,97.0,0.0,True,dist column 12
36,Coarse_mass_g,10.2414,10.2414,0.0,True,dist column 13
36,Coarse_LF_reconstructed_from_raw,100.5721873962544,100.5721873962544,0.0,True,10*Klf/coarse mass
36,Coarse_HF_reconstructed_from_raw,94.71361337317163,94.71361337317163,0.0,True,10*Khf/coarse mass
36,Fe_mgkg,19268.01655207236,19268.01655207236,0.0,True,Enrichment Factor final mg/kg column 20
36,Zn_mgkg,86.80555555555556,86.80555555555556,0.0,True,Enrichment Factor final mg/kg column 21
36,Cu_mgkg,51.43748579711213,51.43748579711213,0.0,True,Enrichment Factor final mg/kg column 22
36,Cr_mgkg,52.074953007811885,52.074953007811885,0.0,True,Enrichment Factor final mg/kg column 23
36,Co_mgkg,53.27701192073142,53.27701192073142,0.0,True,Enrichment Factor final mg/kg column 24
36,Ni_mgkg,80.91730886272916,80.91730886272916,0.0,True,Enrichment Factor final mg/kg column 25
36,Mn_mgkg,708.3043668788339,708.3043668788339,0.0,True,Enrichment Factor final mg/kg column 26
36,Pb_mgkg,107.97687703593243,107.97687703593243,0.0,True,Enrichment Factor final mg/kg column 27
36,Cd_mgkg,4.407778640319558,4.407778640319558,0.0,True,Enrichment Factor final mg/kg column 28
37,SiteCode,R8,R8,,True,dist!B
37,Fine_Klf_raw,110,110.0,0.0,True,dist!D
37,Fine_Khf_raw,105,105.0,0.0,True,dist!E
37,Fine_net_mass_g_primary,11.6183,11.6183,0.0,True,dist!G gross mass minus 2.999 g bottle
37,Fine_LF_reconstructed_from_raw,94.67822314796486,94.67822314796486,0.0,True,10*Klf/primary net mass
37,Fine_HF_reconstructed_from_raw,90.37466755033009,90.37466755033009,0.0,True,10*Khf/primary net mass
37,Coarse_Klf_raw,106,106.0,0.0,True,dist column 11
37,Coarse_Khf_raw,102,102.0,0.0,True,dist column 12
37,Coarse_mass_g,10.6119,10.6119,0.0,True,dist column 13
37,Coarse_LF_reconstructed_from_raw,99.88786174012193,99.88786174012193,0.0,True,10*Klf/coarse mass
37,Coarse_HF_reconstructed_from_raw,96.11850846690979,96.11850846690979,0.0,True,10*Khf/coarse mass
37,Fe_mgkg,23786.317784727253,23786.317784727253,0.0,True,Enrichment Factor final mg/kg column 20
37,Zn_mgkg,74.4838059437226,74.4838059437226,0.0,True,Enrichment Factor final mg/kg column 21
37,Cu_mgkg,28.705223730065388,28.705223730065388,0.0,True,Enrichment Factor final mg/kg column 22
37,Cr_mgkg,61.76220165863024,61.76220165863024,0.0,True,Enrichment Factor final mg/kg column 23
37,Co_mgkg,50.954434237534194,50.954434237534194,0.0,True,Enrichment Factor final mg/kg column 24
37,Ni_mgkg,80.49664186351154,80.49664186351154,0.0,True,Enrichment Factor final mg/kg column 25
37,Mn_mgkg,774.3606881524069,774.3606881524069,0.0,True,Enrichment Factor final mg/kg column 26
37,Pb_mgkg,70.19103063276958,70.19103063276958,0.0,True,Enrichment Factor final mg/kg column 27
37,Cd_mgkg,7.9477697029796195,7.9477697029796195,0.0,True,Enrichment Factor final mg/kg column 28
38,SiteCode,L8,L8,,True,dist!B
38,Fine_Klf_raw,98,98.0,0.0,True,dist!D
38,Fine_Khf_raw,95,95.0,0.0,True,dist!E
38,Fine_net_mass_g_primary,10.9886,10.9886,0.0,True,dist!G gross mass minus 2.999 g bottle
38,Fine_LF_reconstructed_from_raw,89.18333545674608,89.18333545674608,0.0,True,10*Klf/primary net mass
38,Fine_HF_reconstructed_from_raw,86.45323335092732,86.45323335092732,0.0,True,10*Khf/primary net mass
38,Coarse_Klf_raw,106,106.0,0.0,True,dist column 11
38,Coarse_Khf_raw,107,107.0,0.0,True,dist column 12
38,Coarse_mass_g,12.8414,12.8414,0.0,True,dist column 13
38,Coarse_LF_reconstructed_from_raw,82.54551684395783,82.54551684395781,1.4210854715202004e-14,True,10*Klf/coarse mass
38,Coarse_HF_reconstructed_from_raw,83.32424813493856,83.32424813493856,0.0,True,10*Khf/coarse mass
38,Fe_mgkg,9029.513094553746,9029.513094553746,0.0,True,Enrichment Factor final mg/kg column 20
38,Zn_mgkg,127.84925979370425,127.84925979370425,0.0,True,Enrichment Factor final mg/kg column 21
38,Cu_mgkg,42.77251112694151,42.77251112694151,0.0,True,Enrichment Factor final mg/kg column 22
38,Cr_mgkg,32.76738495247493,32.76738495247493,0.0,True,Enrichment Factor final mg/kg column 23
38,Co_mgkg,33.638595730099,33.638595730099,0.0,True,Enrichment Factor final mg/kg column 24
38,Ni_mgkg,59.725225976265044,59.725225976265044,0.0,True,Enrichment Factor final mg/kg column 25
38,Mn_mgkg,301.78833373641805,301.78833373641805,0.0,True,Enrichment Factor final mg/kg column 26
38,Pb_mgkg,90.7666186166967,90.7666186166967,0.0,True,Enrichment Factor final mg/kg column 27
38,Cd_mgkg,5.78331536650026,5.78331536650026,0.0,True,Enrichment Factor final mg/kg column 28
39,SiteCode,L8,L8,,True,dist!B
39,Fine_Klf_raw,111,111.0,0.0,True,dist!D
39,Fine_Khf_raw,106,106.0,0.0,True,dist!E
39,Fine_net_mass_g_primary,10.9108,10.9108,0.0,True,dist!G gross mass minus 2.999 g bottle
39,Fine_LF_reconstructed_from_raw,101.73406166367269,101.73406166367269,0.0,True,10*Klf/primary net mass
39,Fine_HF_reconstructed_from_raw,97.15144627341716,97.15144627341716,0.0,True,10*Khf/primary net mass
39,Coarse_Klf_raw,90,90.0,0.0,True,dist column 11
39,Coarse_Khf_raw,89,89.0,0.0,True,dist column 12
39,Coarse_mass_g,9.02,9.02,0.0,True,dist column 13
39,Coarse_LF_reconstructed_from_raw,99.77827050997783,99.77827050997783,0.0,True,10*Klf/coarse mass
39,Coarse_HF_reconstructed_from_raw,98.66962305986696,98.66962305986696,0.0,True,10*Khf/coarse mass
39,Fe_mgkg,16983.01109611724,16983.01109611724,0.0,True,Enrichment Factor final mg/kg column 20
39,Zn_mgkg,138.3352124775174,138.3352124775174,0.0,True,Enrichment Factor final mg/kg column 21
39,Cu_mgkg,38.687263174312875,38.687263174312875,0.0,True,Enrichment Factor final mg/kg column 22
39,Cr_mgkg,42.85525296710518,42.85525296710518,0.0,True,Enrichment Factor final mg/kg column 23
39,Co_mgkg,34.74048071350631,34.74048071350631,0.0,True,Enrichment Factor final mg/kg column 24
39,Ni_mgkg,94.14130775983453,94.14130775983453,0.0,True,Enrichment Factor final mg/kg column 25
39,Mn_mgkg,607.2519206301839,607.2519206301839,0.0,True,Enrichment Factor final mg/kg column 26
39,Pb_mgkg,72.94662482884269,72.94662482884269,0.0,True,Enrichment Factor final mg/kg column 27
39,Cd_mgkg,3.87324237640462,3.87324237640462,0.0,True,Enrichment Factor final mg/kg column 28
40,SiteCode,L8,L8,,True,dist!B
40,Fine_Klf_raw,95,95.0,0.0,True,dist!D
40,Fine_Khf_raw,93,93.0,0.0,True,dist!E
40,Fine_net_mass_g_primary,10.0567,10.0567,0.0,True,dist!G gross mass minus 2.999 g bottle
40,Fine_LF_reconstructed_from_raw,94.46438692612885,94.46438692612885,0.0,True,10*Klf/primary net mass
40,Fine_HF_reconstructed_from_raw,92.47566299084193,92.47566299084193,0.0,True,10*Khf/primary net mass
40,Coarse_Klf_raw,80,80.0,0.0,True,dist column 11
40,Coarse_Khf_raw,79,79.0,0.0,True,dist column 12
40,Coarse_mass_g,8.4801,8.4801,0.0,True,dist column 13
40,Coarse_LF_reconstructed_from_raw,94.33851015907831,94.33851015907831,0.0,True,10*Klf/coarse mass
40,Coarse_HF_reconstructed_from_raw,93.15927878208983,93.15927878208983,0.0,True,10*Khf/coarse mass
40,Fe_mgkg,15663.459386887444,15663.459386887444,0.0,True,Enrichment Factor final mg/kg column 20
40,Zn_mgkg,106.15761977573904,106.15761977573904,0.0,True,Enrichment Factor final mg/kg column 21
40,Cu_mgkg,35.12948554174892,35.12948554174892,0.0,True,Enrichment Factor final mg/kg column 22
40,Cr_mgkg,45.10506827669159,45.10506827669159,0.0,True,Enrichment Factor final mg/kg column 23
40,Co_mgkg,41.97397613479642,41.97397613479642,0.0,True,Enrichment Factor final mg/kg column 24
40,Ni_mgkg,71.25725441747312,71.25725441747312,0.0,True,Enrichment Factor final mg/kg column 25
40,Mn_mgkg,603.663542156839,603.663542156839,0.0,True,Enrichment Factor final mg/kg column 26
40,Pb_mgkg,98.5008763593121,98.5008763593121,0.0,True,Enrichment Factor final mg/kg column 27
40,Cd_mgkg,4.330588992786709,4.330588992786709,0.0,True,Enrichment Factor final mg/kg column 28
41,SiteCode,L8,L8,,True,dist!B
41,Fine_Klf_raw,119,119.0,0.0,True,dist!D
41,Fine_Khf_raw,116,116.0,0.0,True,dist!E
41,Fine_net_mass_g_primary,10.1028,10.1028,0.0,True,dist!G gross mass minus 2.999 g bottle
41,Fine_LF_reconstructed_from_raw,117.78912776655976,117.78912776655977,1.4210854715202004e-14,True,10*Klf/primary net mass
41,Fine_HF_reconstructed_from_raw,114.81965395731876,114.81965395731876,0.0,True,10*Khf/primary net mass
41,Coarse_Klf_raw,81,81.0,0.0,True,dist column 11
41,Coarse_Khf_raw,79,79.0,0.0,True,dist column 12
41,Coarse_mass_g,7.7375,7.7375,0.0,True,dist column 13
41,Coarse_LF_reconstructed_from_raw,104.68497576736672,104.68497576736672,0.0,True,10*Klf/coarse mass
41,Coarse_HF_reconstructed_from_raw,102.10016155088853,102.10016155088853,0.0,True,10*Khf/coarse mass
41,Fe_mgkg,11942.488949177912,11942.488949177912,0.0,True,Enrichment Factor final mg/kg column 20
41,Zn_mgkg,184.36424686424687,184.36424686424687,0.0,True,Enrichment Factor final mg/kg column 21
41,Cu_mgkg,57.06318997458238,57.06318997458238,0.0,True,Enrichment Factor final mg/kg column 22
41,Cr_mgkg,39.27474209792189,39.27474209792189,0.0,True,Enrichment Factor final mg/kg column 23
41,Co_mgkg,30.829357752434678,30.829357752434678,0.0,True,Enrichment Factor final mg/kg column 24
41,Ni_mgkg,46.575885780195776,46.575885780195776,0.0,True,Enrichment Factor final mg/kg column 25
41,Mn_mgkg,445.13947789876846,445.13947789876846,0.0,True,Enrichment Factor final mg/kg column 26
41,Pb_mgkg,89.38429991061571,89.38429991061571,0.0,True,Enrichment Factor final mg/kg column 27
41,Cd_mgkg,3.696664346483841,3.696664346483841,0.0,True,Enrichment Factor final mg/kg column 28
42,SiteCode,R9,R9,,True,dist!B
42,Fine_Klf_raw,104,104.0,0.0,True,dist!D
42,Fine_Khf_raw,95,95.0,0.0,True,dist!E
42,Fine_net_mass_g_primary,12.2028,12.2028,0.0,True,dist!G gross mass minus 2.999 g bottle
42,Fine_LF_reconstructed_from_raw,85.22634149539451,85.2263414953945,1.4210854715202004e-14,True,10*Klf/primary net mass
42,Fine_HF_reconstructed_from_raw,77.85098501983151,77.85098501983151,0.0,True,10*Khf/primary net mass
42,Coarse_Klf_raw,51,51.0,0.0,True,dist column 11
42,Coarse_Khf_raw,48,48.0,0.0,True,dist column 12
42,Coarse_mass_g,11.654,11.654,0.0,True,dist column 13
42,Coarse_LF_reconstructed_from_raw,43.761798524111896,43.761798524111896,0.0,True,10*Klf/coarse mass
42,Coarse_HF_reconstructed_from_raw,41.187575081517075,41.18757508151708,7.105427357601002e-15,True,10*Khf/coarse mass
42,Fe_mgkg,10852.29420059575,10852.29420059575,0.0,True,Enrichment Factor final mg/kg column 20
42,Zn_mgkg,100.20082354529501,100.20082354529501,0.0,True,Enrichment Factor final mg/kg column 21
42,Cu_mgkg,36.452004860267316,36.452004860267316,0.0,True,Enrichment Factor final mg/kg column 22
42,Cr_mgkg,44.233487819541814,44.233487819541814,0.0,True,Enrichment Factor final mg/kg column 23
42,Co_mgkg,38.523428559880564,38.523428559880564,0.0,True,Enrichment Factor final mg/kg column 24
42,Ni_mgkg,45.31952531322087,45.31952531322087,0.0,True,Enrichment Factor final mg/kg column 25
42,Mn_mgkg,424.3215378658594,424.3215378658594,0.0,True,Enrichment Factor final mg/kg column 26
42,Pb_mgkg,239.81582144912707,239.81582144912707,0.0,True,Enrichment Factor final mg/kg column 27
42,Cd_mgkg,4.649714218036505,4.649714218036505,0.0,True,Enrichment Factor final mg/kg column 28
43,SiteCode,L9,L9,,True,dist!B
43,Fine_Klf_raw,141,141.0,0.0,True,dist!D
43,Fine_Khf_raw,133,133.0,0.0,True,dist!E
43,Fine_net_mass_g_primary,12.204609999999999,12.204609999999999,0.0,True,dist!G gross mass minus 2.999 g bottle
43,Fine_LF_reconstructed_from_raw,115.53011525972563,115.53011525972565,1.4210854715202004e-14,True,10*Klf/primary net mass
43,Fine_HF_reconstructed_from_raw,108.97521510314546,108.97521510314546,0.0,True,10*Khf/primary net mass
43,Coarse_Klf_raw,146,146.0,0.0,True,dist column 11
43,Coarse_Khf_raw,137,137.0,0.0,True,dist column 12
43,Coarse_mass_g,11.2891,11.2891,0.0,True,dist column 13
43,Coarse_LF_reconstructed_from_raw,129.32829012055876,129.3282901205588,2.842170943040401e-14,True,10*Klf/coarse mass
43,Coarse_HF_reconstructed_from_raw,121.355998263812,121.35599826381201,1.4210854715202004e-14,True,10*Khf/coarse mass
43,Fe_mgkg,19089.254327075647,19089.254327075647,0.0,True,Enrichment Factor final mg/kg column 20
43,Zn_mgkg,112.58585512976481,112.58585512976481,0.0,True,Enrichment Factor final mg/kg column 21
43,Cu_mgkg,32.62727524715882,32.62727524715882,0.0,True,Enrichment Factor final mg/kg column 22
43,Cr_mgkg,64.3973492695307,64.3973492695307,0.0,True,Enrichment Factor final mg/kg column 23
43,Co_mgkg,42.38385283093312,42.38385283093312,0.0,True,Enrichment Factor final mg/kg column 24
43,Ni_mgkg,67.11668244696459,67.11668244696459,0.0,True,Enrichment Factor final mg/kg column 25
43,Mn_mgkg,783.8705317607564,783.8705317607564,0.0,True,Enrichment Factor final mg/kg column 26
43,Pb_mgkg,144.664809834806,144.664809834806,0.0,True,Enrichment Factor final mg/kg column 27
43,Cd_mgkg,4.19971540752062,4.19971540752062,0.0,True,Enrichment Factor final mg/kg column 28
44,SiteCode,L10,L10,,True,dist!B
44,Fine_Klf_raw,183,183.0,0.0,True,dist!D
44,Fine_Khf_raw,180,180.0,0.0,True,dist!E
44,Fine_net_mass_g_primary,13.3678,13.3678,0.0,True,dist!G gross mass minus 2.999 g bottle
44,Fine_LF_reconstructed_from_raw,136.89612352069898,136.89612352069898,0.0,True,10*Klf/primary net mass
44,Fine_HF_reconstructed_from_raw,134.65192477445802,134.65192477445802,0.0,True,10*Khf/primary net mass
44,Coarse_Klf_raw,199,199.0,0.0,True,dist column 11
44,Coarse_Khf_raw,195,195.0,0.0,True,dist column 12
44,Coarse_mass_g,13.7444,13.7444,0.0,True,dist column 13
44,Coarse_LF_reconstructed_from_raw,144.7862402141963,144.7862402141963,0.0,True,10*Klf/coarse mass
44,Coarse_HF_reconstructed_from_raw,141.87596402898635,141.87596402898635,0.0,True,10*Khf/coarse mass
44,Fe_mgkg,5803.281229734767,5803.281229734767,0.0,True,Enrichment Factor final mg/kg column 20
44,Zn_mgkg,123.69311491531128,123.69311491531128,0.0,True,Enrichment Factor final mg/kg column 21
44,Cu_mgkg,37.58993945808574,37.58993945808574,0.0,True,Enrichment Factor final mg/kg column 22
44,Cr_mgkg,47.29726962667977,47.29726962667977,0.0,True,Enrichment Factor final mg/kg column 23
44,Co_mgkg,46.606253663433115,46.606253663433115,0.0,True,Enrichment Factor final mg/kg column 24
44,Ni_mgkg,51.88116019401334,51.88116019401334,0.0,True,Enrichment Factor final mg/kg column 25
44,Mn_mgkg,201.0030519742473,201.0030519742473,0.0,True,Enrichment Factor final mg/kg column 26
44,Pb_mgkg,180.19895435572747,180.19895435572747,0.0,True,Enrichment Factor final mg/kg column 27
44,Cd_mgkg,36.4500279366131,36.4500279366131,0.0,True,Enrichment Factor final mg/kg column 28
